{
  "component": {
    "id": "15:232",
    "name": "Task-4",
    "width": 2560,
    "height": 1080
  },
  "layers": [
    {
      "id": "15:232",
      "name": "Task-4 (Frame Base)",
      "type": "FRAME",
      "x": 0,
      "y": 0,
      "width": 2560,
      "height": 1080,
      "z": 0,
      "visible": true,
      "fills": [
        {
          "type": "SOLID",
          "color": "#ccc5b9",
          "opacity": 1
        }
      ],
      "cornerRadius": 0
    },
    {
      "id": "15:234",
      "name": "Line 2 (Stroke)",
      "type": "VECTOR",
      "x": 413.33,
      "y": 992,
      "width": 285.28,
      "height": 2,
      "z": 1,
      "visible": true,
      "exportX": 234.67,
      "exportY": 496,
      "exportWidth": 2,
      "exportHeight": 285.28,
      "rotation": -90,
      "fills": [
        {
          "type": "SOLID",
          "color": "#bacae5",
          "opacity": 1
        }
      ],
      "cornerRadius": 0,
      "constraints": {
        "horizontal": "MIN",
        "vertical": "MIN"
      }
    },
    {
      "id": "15:235",
      "name": "Ellipse 18",
      "type": "VECTOR",
      "x": 353.33,
      "y": 1274.8,
      "width": 10,
      "height": 6.2,
      "z": 2,
      "visible": true,
      "exportX": 176.67,
      "exportY": 778.8,
      "exportWidth": 10,
      "exportHeight": 6.2,
      "fills": [
        {
          "type": "SOLID",
          "color": "#bacae5",
          "opacity": 1
        }
      ],
      "cornerRadius": 0,
      "constraints": {
        "horizontal": "MIN",
        "vertical": "MIN"
      }
    },
    {
      "id": "21:6",
      "name": "Line 2 (Stroke)",
      "type": "VECTOR",
      "x": 2972,
      "y": 436,
      "width": 285.28,
      "height": 2,
      "z": 3,
      "visible": true,
      "exportX": 1514,
      "exportY": 218,
      "exportWidth": 2,
      "exportHeight": 285.28,
      "rotation": -90,
      "fills": [
        {
          "type": "SOLID",
          "color": "#bacae5",
          "opacity": 1
        }
      ],
      "cornerRadius": 0,
      "constraints": {
        "horizontal": "MIN",
        "vertical": "MIN"
      }
    },
    {
      "id": "21:7",
      "name": "Ellipse 18",
      "type": "VECTOR",
      "x": 2912,
      "y": 718.8,
      "width": 10,
      "height": 6.2,
      "z": 4,
      "visible": true,
      "exportX": 1456,
      "exportY": 500.8,
      "exportWidth": 10,
      "exportHeight": 6.2,
      "fills": [
        {
          "type": "SOLID",
          "color": "#bacae5",
          "opacity": 1
        }
      ],
      "cornerRadius": 0,
      "constraints": {
        "horizontal": "MIN",
        "vertical": "MIN"
      }
    },
    {
      "id": "15:237",
      "name": "Line 2 (Stroke)",
      "type": "VECTOR",
      "x": 1130,
      "y": 756,
      "width": 285.28,
      "height": 2,
      "z": 5,
      "visible": true,
      "exportX": 566,
      "exportY": 378,
      "exportWidth": 2,
      "exportHeight": 285.28,
      "rotation": -90,
      "fills": [
        {
          "type": "SOLID",
          "color": "#bacae5",
          "opacity": 1
        }
      ],
      "cornerRadius": 0,
      "constraints": {
        "horizontal": "MIN",
        "vertical": "MIN"
      }
    },
    {
      "id": "15:238",
      "name": "Ellipse 18",
      "type": "VECTOR",
      "x": 1124,
      "y": 1038.8,
      "width": 10,
      "height": 6.2,
      "z": 6,
      "visible": true,
      "exportX": 562,
      "exportY": 660.8,
      "exportWidth": 10,
      "exportHeight": 6.2,
      "fills": [
        {
          "type": "SOLID",
          "color": "#bacae5",
          "opacity": 1
        }
      ],
      "cornerRadius": 0,
      "constraints": {
        "horizontal": "MIN",
        "vertical": "MIN"
      }
    },
    {
      "id": "15:240",
      "name": "Line 2 (Stroke)",
      "type": "VECTOR",
      "x": 1936,
      "y": 1894,
      "width": 296.14,
      "height": 2,
      "z": 7,
      "visible": true,
      "exportX": 965,
      "exportY": 650.86,
      "exportWidth": 2,
      "exportHeight": 296.14,
      "rotation": 90,
      "fills": [
        {
          "type": "SOLID",
          "color": "#bacae5",
          "opacity": 1
        }
      ],
      "cornerRadius": 0,
      "constraints": {
        "horizontal": "MIN",
        "vertical": "MIN"
      }
    },
    {
      "id": "15:241",
      "name": "Ellipse 18",
      "type": "VECTOR",
      "x": 1942,
      "y": 1600.44,
      "width": 10,
      "height": 6.44,
      "z": 8,
      "visible": true,
      "exportX": 961,
      "exportY": 647,
      "exportWidth": 10,
      "exportHeight": 6.44,
      "rotation": 180,
      "fills": [
        {
          "type": "SOLID",
          "color": "#bacae5",
          "opacity": 1
        }
      ],
      "cornerRadius": 0,
      "constraints": {
        "horizontal": "MIN",
        "vertical": "MIN"
      }
    },
    {
      "id": "15:243",
      "name": "Line 2 (Stroke)",
      "type": "VECTOR",
      "x": 2711.33,
      "y": 1672,
      "width": 296.14,
      "height": 2,
      "z": 9,
      "visible": true,
      "exportX": 1352.67,
      "exportY": 539.86,
      "exportWidth": 2,
      "exportHeight": 296.14,
      "rotation": 90,
      "fills": [
        {
          "type": "SOLID",
          "color": "#bacae5",
          "opacity": 1
        }
      ],
      "cornerRadius": 0,
      "constraints": {
        "horizontal": "MIN",
        "vertical": "MIN"
      }
    },
    {
      "id": "15:244",
      "name": "Ellipse 18",
      "type": "VECTOR",
      "x": 2717.33,
      "y": 1378.44,
      "width": 10,
      "height": 6.44,
      "z": 10,
      "visible": true,
      "exportX": 1348.67,
      "exportY": 536,
      "exportWidth": 10,
      "exportHeight": 6.44,
      "rotation": 180,
      "fills": [
        {
          "type": "SOLID",
          "color": "#bacae5",
          "opacity": 1
        }
      ],
      "cornerRadius": 0,
      "constraints": {
        "horizontal": "MIN",
        "vertical": "MIN"
      }
    },
    {
      "id": "21:13",
      "name": "Line 2 (Stroke)",
      "type": "VECTOR",
      "x": 3885.33,
      "y": 796,
      "width": 296.14,
      "height": 2,
      "z": 11,
      "visible": true,
      "exportX": 1939.67,
      "exportY": 101.86,
      "exportWidth": 2,
      "exportHeight": 296.14,
      "rotation": 90,
      "fills": [
        {
          "type": "SOLID",
          "color": "#bacae5",
          "opacity": 1
        }
      ],
      "cornerRadius": 0,
      "constraints": {
        "horizontal": "MIN",
        "vertical": "MIN"
      }
    },
    {
      "id": "21:14",
      "name": "Ellipse 18",
      "type": "VECTOR",
      "x": 3891.33,
      "y": 502.44,
      "width": 10,
      "height": 6.44,
      "z": 12,
      "visible": true,
      "exportX": 1935.67,
      "exportY": 98,
      "exportWidth": 10,
      "exportHeight": 6.44,
      "rotation": 180,
      "fills": [
        {
          "type": "SOLID",
          "color": "#bacae5",
          "opacity": 1
        }
      ],
      "cornerRadius": 0,
      "constraints": {
        "horizontal": "MIN",
        "vertical": "MIN"
      }
    },
    {
      "id": "15:245",
      "name": "Sample Text",
      "type": "TEXT",
      "x": 870,
      "y": 93,
      "width": 820,
      "height": 81,
      "z": 13,
      "visible": true,
      "exportX": 874.25,
      "exportY": 111.55,
      "exportWidth": 812.26,
      "exportHeight": 62.53,
      "text": "Customer Journey Timeline",
      "textAlignHorizontal": "CENTER",
      "textAlignVertical": "TOP",
      "fontSize": 64,
      "fontFamily": "Plus Jakarta Sans",
      "lineHeight": {
        "value": 0,
        "unit": "AUTO"
      },
      "fills": [
        {
          "type": "SOLID",
          "color": "#000000",
          "opacity": 1
        }
      ],
      "constraints": {
        "horizontal": "CENTER",
        "vertical": "CENTER"
      }
    },
    {
      "id": "15:246",
      "name": "Vector",
      "type": "VECTOR",
      "x": 244,
      "y": 437.41,
      "width": 1982.67,
      "height": 320.03,
      "z": 14,
      "visible": true,
      "exportX": 244,
      "exportY": 437.41,
      "exportWidth": 1982.67,
      "exportHeight": 320.03,
      "fills": [
        {
          "type": "SOLID",
          "color": "#fffcf2",
          "opacity": 1
        }
      ],
      "cornerRadius": 0,
      "constraints": {
        "horizontal": "SCALE",
        "vertical": "SCALE"
      }
    },
    {
      "id": "15:247",
      "name": "Vector",
      "type": "VECTOR",
      "x": 271,
      "y": 683,
      "width": 244,
      "height": 183,
      "z": 15,
      "visible": true,
      "exportX": 271,
      "exportY": 683,
      "exportWidth": 244,
      "exportHeight": 183,
      "fills": [
        {
          "type": "SOLID",
          "color": "#eb5e28",
          "opacity": 1
        }
      ],
      "cornerRadius": 0,
      "constraints": {
        "horizontal": "SCALE",
        "vertical": "SCALE"
      }
    },
    {
      "id": "21:2",
      "name": "Vector",
      "type": "VECTOR",
      "x": 1583,
      "y": 415,
      "width": 244,
      "height": 183,
      "z": 16,
      "visible": true,
      "exportX": 1583,
      "exportY": 415,
      "exportWidth": 244,
      "exportHeight": 183,
      "fills": [
        {
          "type": "SOLID",
          "color": "#eb5e28",
          "opacity": 1
        }
      ],
      "cornerRadius": 0,
      "constraints": {
        "horizontal": "SCALE",
        "vertical": "SCALE"
      }
    },
    {
      "id": "15:248",
      "name": "Vector",
      "type": "VECTOR",
      "x": 610,
      "y": 614,
      "width": 244,
      "height": 180,
      "z": 17,
      "visible": true,
      "exportX": 610,
      "exportY": 614,
      "exportWidth": 244,
      "exportHeight": 180,
      "fills": [
        {
          "type": "SOLID",
          "color": "#403d39",
          "opacity": 1
        }
      ],
      "cornerRadius": 0,
      "constraints": {
        "horizontal": "SCALE",
        "vertical": "SCALE"
      }
    },
    {
      "id": "15:249",
      "name": "Vector",
      "type": "VECTOR",
      "x": 917,
      "y": 532,
      "width": 244,
      "height": 183,
      "z": 18,
      "visible": true,
      "exportX": 917,
      "exportY": 532,
      "exportWidth": 244,
      "exportHeight": 183,
      "fills": [
        {
          "type": "SOLID",
          "color": "#eb5e28",
          "opacity": 1
        }
      ],
      "cornerRadius": 0,
      "constraints": {
        "horizontal": "SCALE",
        "vertical": "SCALE"
      }
    },
    {
      "id": "15:250",
      "name": "Vector",
      "type": "VECTOR",
      "x": 1235,
      "y": 455,
      "width": 244,
      "height": 183,
      "z": 19,
      "visible": true,
      "exportX": 1235,
      "exportY": 455,
      "exportWidth": 244,
      "exportHeight": 183,
      "fills": [
        {
          "type": "SOLID",
          "color": "#403d39",
          "opacity": 1
        }
      ],
      "cornerRadius": 0,
      "constraints": {
        "horizontal": "SCALE",
        "vertical": "SCALE"
      }
    },
    {
      "id": "21:4",
      "name": "Vector",
      "type": "VECTOR",
      "x": 1917,
      "y": 428,
      "width": 244,
      "height": 183,
      "z": 20,
      "visible": true,
      "exportX": 1917,
      "exportY": 428,
      "exportWidth": 244,
      "exportHeight": 183,
      "fills": [
        {
          "type": "SOLID",
          "color": "#403d39",
          "opacity": 1
        }
      ],
      "cornerRadius": 0,
      "constraints": {
        "horizontal": "SCALE",
        "vertical": "SCALE"
      }
    },
    {
      "id": "21:25",
      "name": "Vector",
      "type": "VECTOR",
      "x": 2018.63,
      "y": 498.38,
      "width": 51.75,
      "height": 43.13,
      "z": 21,
      "visible": true,
      "exportX": 2017.63,
      "exportY": 497.38,
      "exportWidth": 53.75,
      "exportHeight": 45.13,
      "strokes": [
        {
          "type": "SOLID",
          "color": "#ffffff",
          "opacity": 1
        }
      ],
      "cornerRadius": 0,
      "constraints": {
        "horizontal": "SCALE",
        "vertical": "SCALE"
      }
    },
    {
      "id": "15:251",
      "name": "Vector",
      "type": "VECTOR",
      "x": 2189.33,
      "y": 478,
      "width": 104.97,
      "height": 74.31,
      "z": 22,
      "visible": true,
      "exportX": 2189.33,
      "exportY": 478,
      "exportWidth": 104.97,
      "exportHeight": 74.31,
      "fills": [
        {
          "type": "SOLID",
          "color": "#fffcf2",
          "opacity": 1
        }
      ],
      "cornerRadius": 0,
      "constraints": {
        "horizontal": "SCALE",
        "vertical": "SCALE"
      }
    },
    {
      "id": "15:253",
      "name": "Vector (Stroke)",
      "type": "VECTOR",
      "x": 714,
      "y": 1497.91,
      "width": 35.03,
      "height": 21.64,
      "z": 23,
      "visible": true,
      "exportX": 357,
      "exportY": 755.91,
      "exportWidth": 35.03,
      "exportHeight": 21.64,
      "fills": [
        {
          "type": "SOLID",
          "color": "#ffffff",
          "opacity": 1
        }
      ],
      "cornerRadius": 0,
      "constraints": {
        "horizontal": "SCALE",
        "vertical": "SCALE"
      }
    },
    {
      "id": "15:254",
      "name": "Vector (Stroke)",
      "type": "VECTOR",
      "x": 744.91,
      "y": 1484,
      "width": 41.21,
      "height": 49.45,
      "z": 24,
      "visible": true,
      "exportX": 387.91,
      "exportY": 742,
      "exportWidth": 41.21,
      "exportHeight": 49.45,
      "fills": [
        {
          "type": "SOLID",
          "color": "#ffffff",
          "opacity": 1
        }
      ],
      "cornerRadius": 0,
      "constraints": {
        "horizontal": "SCALE",
        "vertical": "SCALE"
      }
    },
    {
      "id": "15:255",
      "name": "Vector (Stroke)",
      "type": "VECTOR",
      "x": 726.36,
      "y": 1516.45,
      "width": 16.48,
      "height": 21.64,
      "z": 25,
      "visible": true,
      "exportX": 369.36,
      "exportY": 774.45,
      "exportWidth": 16.48,
      "exportHeight": 21.64,
      "fills": [
        {
          "type": "SOLID",
          "color": "#ffffff",
          "opacity": 1
        }
      ],
      "cornerRadius": 0,
      "constraints": {
        "horizontal": "SCALE",
        "vertical": "SCALE"
      }
    },
    {
      "id": "15:257",
      "name": "Vector (Stroke)",
      "type": "VECTOR",
      "x": 1444.45,
      "y": 1394.45,
      "width": 17.53,
      "height": 13.15,
      "z": 26,
      "visible": true,
      "exportX": 742.45,
      "exportY": 717.45,
      "exportWidth": 17.53,
      "exportHeight": 13.15,
      "fills": [
        {
          "type": "SOLID",
          "color": "#ffffff",
          "opacity": 1
        }
      ],
      "cornerRadius": 0,
      "constraints": {
        "horizontal": "SCALE",
        "vertical": "SCALE"
      }
    },
    {
      "id": "15:258",
      "name": "Vector (Stroke)",
      "type": "VECTOR",
      "x": 1444.45,
      "y": 1394.45,
      "width": 17.53,
      "height": 13.15,
      "z": 27,
      "visible": true,
      "exportX": 742.45,
      "exportY": 717.45,
      "exportWidth": 17.53,
      "exportHeight": 13.15,
      "fills": [
        {
          "type": "SOLID",
          "color": "#ffffff",
          "opacity": 1
        }
      ],
      "cornerRadius": 0,
      "constraints": {
        "horizontal": "SCALE",
        "vertical": "SCALE"
      }
    },
    {
      "id": "15:259",
      "name": "Vector (Stroke)",
      "type": "VECTOR",
      "x": 1404,
      "y": 1354,
      "width": 17.53,
      "height": 13.15,
      "z": 28,
      "visible": true,
      "exportX": 702,
      "exportY": 677,
      "exportWidth": 17.53,
      "exportHeight": 13.15,
      "fills": [
        {
          "type": "SOLID",
          "color": "#ffffff",
          "opacity": 1
        }
      ],
      "cornerRadius": 0,
      "constraints": {
        "horizontal": "SCALE",
        "vertical": "SCALE"
      }
    },
    {
      "id": "15:260",
      "name": "Vector (Stroke)",
      "type": "VECTOR",
      "x": 1404,
      "y": 1354,
      "width": 17.53,
      "height": 13.15,
      "z": 29,
      "visible": true,
      "exportX": 702,
      "exportY": 677,
      "exportWidth": 17.53,
      "exportHeight": 13.15,
      "fills": [
        {
          "type": "SOLID",
          "color": "#ffffff",
          "opacity": 1
        }
      ],
      "cornerRadius": 0,
      "constraints": {
        "horizontal": "SCALE",
        "vertical": "SCALE"
      }
    },
    {
      "id": "15:261",
      "name": "Vector (Stroke)",
      "type": "VECTOR",
      "x": 1410.74,
      "y": 1357.37,
      "width": 42.25,
      "height": 40.12,
      "z": 30,
      "visible": true,
      "exportX": 708.74,
      "exportY": 680.37,
      "exportWidth": 42.25,
      "exportHeight": 40.12,
      "fills": [
        {
          "type": "SOLID",
          "color": "#ffffff",
          "opacity": 1
        }
      ],
      "cornerRadius": 0,
      "constraints": {
        "horizontal": "SCALE",
        "vertical": "SCALE"
      }
    },
    {
      "id": "15:262",
      "name": "Vector (Stroke)",
      "type": "VECTOR",
      "x": 1439.96,
      "y": 1354,
      "width": 22.03,
      "height": 9.78,
      "z": 31,
      "visible": true,
      "exportX": 737.96,
      "exportY": 677,
      "exportWidth": 22.03,
      "exportHeight": 9.78,
      "fills": [
        {
          "type": "SOLID",
          "color": "#ffffff",
          "opacity": 1
        }
      ],
      "cornerRadius": 0,
      "constraints": {
        "horizontal": "SCALE",
        "vertical": "SCALE"
      }
    },
    {
      "id": "15:263",
      "name": "Vector (Stroke)",
      "type": "VECTOR",
      "x": 1404,
      "y": 1394.45,
      "width": 17.53,
      "height": 13.15,
      "z": 32,
      "visible": true,
      "exportX": 702,
      "exportY": 717.45,
      "exportWidth": 17.53,
      "exportHeight": 13.15,
      "fills": [
        {
          "type": "SOLID",
          "color": "#ffffff",
          "opacity": 1
        }
      ],
      "cornerRadius": 0,
      "constraints": {
        "horizontal": "SCALE",
        "vertical": "SCALE"
      }
    },
    {
      "id": "15:265",
      "name": "Vector (Stroke)",
      "type": "VECTOR",
      "x": 2622,
      "y": 1088.98,
      "width": 91.88,
      "height": 12.06,
      "z": 33,
      "visible": true,
      "exportX": 1311,
      "exportY": 561.98,
      "exportWidth": 91.88,
      "exportHeight": 12.06,
      "fills": [
        {
          "type": "SOLID",
          "color": "#ffffff",
          "opacity": 1
        }
      ],
      "cornerRadius": 0,
      "constraints": {
        "horizontal": "SCALE",
        "vertical": "SCALE"
      }
    },
    {
      "id": "15:266",
      "name": "Vector (Stroke)",
      "type": "VECTOR",
      "x": 2627.83,
      "y": 1054,
      "width": 80.22,
      "height": 38.3,
      "z": 34,
      "visible": true,
      "exportX": 1316.83,
      "exportY": 527,
      "exportWidth": 80.22,
      "exportHeight": 38.3,
      "fills": [
        {
          "type": "SOLID",
          "color": "#ffffff",
          "opacity": 1
        }
      ],
      "cornerRadius": 0,
      "constraints": {
        "horizontal": "SCALE",
        "vertical": "SCALE"
      }
    },
    {
      "id": "15:267",
      "name": "Vector (Stroke)",
      "type": "VECTOR",
      "x": 2645.32,
      "y": 1062.75,
      "width": 45.24,
      "height": 20.81,
      "z": 35,
      "visible": true,
      "exportX": 1334.32,
      "exportY": 535.75,
      "exportWidth": 45.23,
      "exportHeight": 20.81,
      "fills": [
        {
          "type": "SOLID",
          "color": "#ffffff",
          "opacity": 1
        }
      ],
      "cornerRadius": 0,
      "constraints": {
        "horizontal": "SCALE",
        "vertical": "SCALE"
      }
    },
    {
      "id": "15:268",
      "name": "Vector (Stroke)",
      "type": "VECTOR",
      "x": 2677.39,
      "y": 1062.75,
      "width": 13.17,
      "height": 9.88,
      "z": 36,
      "visible": true,
      "exportX": 1366.39,
      "exportY": 535.75,
      "exportWidth": 13.17,
      "exportHeight": 9.88,
      "fills": [
        {
          "type": "SOLID",
          "color": "#ffffff",
          "opacity": 1
        }
      ],
      "cornerRadius": 0,
      "constraints": {
        "horizontal": "SCALE",
        "vertical": "SCALE"
      }
    },
    {
      "id": "15:269",
      "name": "Sample Text",
      "type": "TEXT",
      "x": 285,
      "y": 496,
      "width": 194.67,
      "height": 35,
      "z": 37,
      "visible": true,
      "exportX": 285.31,
      "exportY": 504.14,
      "exportWidth": 143.99,
      "exportHeight": 21.2,
      "text": "Awareness",
      "textAlignHorizontal": "LEFT",
      "textAlignVertical": "CENTER",
      "fontSize": 28,
      "fontFamily": "Plus Jakarta Sans",
      "lineHeight": {
        "value": 0,
        "unit": "AUTO"
      },
      "fills": [
        {
          "type": "SOLID",
          "color": "#000000",
          "opacity": 1
        }
      ],
      "constraints": {
        "horizontal": "SCALE",
        "vertical": "SCALE"
      }
    },
    {
      "id": "21:10",
      "name": "Sample Text",
      "type": "TEXT",
      "x": 1550,
      "y": 218,
      "width": 194.67,
      "height": 35,
      "z": 38,
      "visible": true,
      "exportX": 1552.32,
      "exportY": 225.8,
      "exportWidth": 94.66,
      "exportHeight": 27.36,
      "text": "Loyalty",
      "textAlignHorizontal": "LEFT",
      "textAlignVertical": "CENTER",
      "fontSize": 28,
      "fontFamily": "Plus Jakarta Sans",
      "lineHeight": {
        "value": 0,
        "unit": "AUTO"
      },
      "fills": [
        {
          "type": "SOLID",
          "color": "#000000",
          "opacity": 1
        }
      ],
      "constraints": {
        "horizontal": "SCALE",
        "vertical": "SCALE"
      }
    },
    {
      "id": "15:270",
      "name": "Sample Text",
      "type": "TEXT",
      "x": 145,
      "y": 494,
      "width": 53.33,
      "height": 45,
      "z": 39,
      "visible": true,
      "exportX": 160.95,
      "exportY": 503.75,
      "exportWidth": 33.61,
      "exportHeight": 27.68,
      "text": "01",
      "textAlignHorizontal": "RIGHT",
      "textAlignVertical": "CENTER",
      "fontSize": 36,
      "fontFamily": "Plus Jakarta Sans",
      "lineHeight": {
        "value": 0,
        "unit": "AUTO"
      },
      "fills": [
        {
          "type": "SOLID",
          "color": "#000000",
          "opacity": 1
        }
      ],
      "constraints": {
        "horizontal": "SCALE",
        "vertical": "SCALE"
      }
    },
    {
      "id": "15:271",
      "name": "Sample Text",
      "type": "TEXT",
      "x": 484,
      "y": 388,
      "width": 64,
      "height": 45,
      "z": 40,
      "visible": true,
      "exportX": 502.81,
      "exportY": 397.75,
      "exportWidth": 43.19,
      "exportHeight": 27.68,
      "text": "02",
      "textAlignHorizontal": "RIGHT",
      "textAlignVertical": "CENTER",
      "fontSize": 36,
      "fontFamily": "Plus Jakarta Sans",
      "lineHeight": {
        "value": 0,
        "unit": "AUTO"
      },
      "fills": [
        {
          "type": "SOLID",
          "color": "#000000",
          "opacity": 1
        }
      ],
      "constraints": {
        "horizontal": "SCALE",
        "vertical": "SCALE"
      }
    },
    {
      "id": "15:272",
      "name": "Sample Text",
      "type": "TEXT",
      "x": 912,
      "y": 755,
      "width": 65.33,
      "height": 45,
      "z": 41,
      "visible": true,
      "exportX": 931.72,
      "exportY": 764.75,
      "exportWidth": 43.48,
      "exportHeight": 27.68,
      "text": "03",
      "textAlignHorizontal": "RIGHT",
      "textAlignVertical": "CENTER",
      "fontSize": 36,
      "fontFamily": "Plus Jakarta Sans",
      "lineHeight": {
        "value": 0,
        "unit": "AUTO"
      },
      "fills": [
        {
          "type": "SOLID",
          "color": "#000000",
          "opacity": 1
        }
      ],
      "constraints": {
        "horizontal": "SCALE",
        "vertical": "SCALE"
      }
    },
    {
      "id": "15:273",
      "name": "Sample Text",
      "type": "TEXT",
      "x": 1274,
      "y": 657,
      "width": 66.67,
      "height": 45,
      "z": 42,
      "visible": true,
      "exportX": 1294.07,
      "exportY": 666.75,
      "exportWidth": 45.17,
      "exportHeight": 27.68,
      "text": "04",
      "textAlignHorizontal": "RIGHT",
      "textAlignVertical": "CENTER",
      "fontSize": 36,
      "fontFamily": "Plus Jakarta Sans",
      "lineHeight": {
        "value": 0,
        "unit": "AUTO"
      },
      "fills": [
        {
          "type": "SOLID",
          "color": "#000000",
          "opacity": 1
        }
      ],
      "constraints": {
        "horizontal": "SCALE",
        "vertical": "SCALE"
      }
    },
    {
      "id": "21:15",
      "name": "Sample Text",
      "type": "TEXT",
      "x": 1861,
      "y": 219,
      "width": 66.67,
      "height": 45,
      "z": 43,
      "visible": true,
      "exportX": 1882.48,
      "exportY": 228.75,
      "exportWidth": 43.33,
      "exportHeight": 27.68,
      "text": "06",
      "textAlignHorizontal": "RIGHT",
      "textAlignVertical": "CENTER",
      "fontSize": 36,
      "fontFamily": "Plus Jakarta Sans",
      "lineHeight": {
        "value": 0,
        "unit": "AUTO"
      },
      "fills": [
        {
          "type": "SOLID",
          "color": "#000000",
          "opacity": 1
        }
      ],
      "constraints": {
        "horizontal": "SCALE",
        "vertical": "SCALE"
      }
    },
    {
      "id": "21:11",
      "name": "Sample Text",
      "type": "TEXT",
      "x": 1443,
      "y": 224,
      "width": 66.67,
      "height": 45,
      "z": 44,
      "visible": true,
      "exportX": 1463.84,
      "exportY": 233.75,
      "exportWidth": 43.65,
      "exportHeight": 27.68,
      "text": "05",
      "textAlignHorizontal": "RIGHT",
      "textAlignVertical": "CENTER",
      "fontSize": 36,
      "fontFamily": "Plus Jakarta Sans",
      "lineHeight": {
        "value": 0,
        "unit": "AUTO"
      },
      "fills": [
        {
          "type": "SOLID",
          "color": "#000000",
          "opacity": 1
        }
      ],
      "constraints": {
        "horizontal": "SCALE",
        "vertical": "SCALE"
      }
    },
    {
      "id": "15:274",
      "name": "Sample Text",
      "type": "TEXT",
      "x": 277.67,
      "y": 556,
      "width": 221,
      "height": 122,
      "z": 45,
      "visible": true,
      "exportX": 278.66,
      "exportY": 563.37,
      "exportWidth": 209.09,
      "exportHeight": 101.59,
      "text": "In the Awareness stage, potential customers are introduced to your brand and its offerings.",
      "textAlignHorizontal": "LEFT",
      "textAlignVertical": "TOP",
      "fontSize": 18,
      "fontFamily": "Plus Jakarta Sans",
      "lineHeight": {
        "value": 28,
        "unit": "PIXELS"
      },
      "fills": [
        {
          "type": "SOLID",
          "color": "#000000",
          "opacity": 1
        }
      ],
      "constraints": {
        "horizontal": "MIN",
        "vertical": "CENTER"
      }
    },
    {
      "id": "21:8",
      "name": "Sample Text",
      "type": "TEXT",
      "x": 1557,
      "y": 278,
      "width": 221,
      "height": 122,
      "z": 46,
      "visible": true,
      "exportX": 1557.2,
      "exportY": 285.37,
      "exportWidth": 198.07,
      "exportHeight": 101.59,
      "text": "In the Loyalty stage, satisfied customers continue engaging with your brand.",
      "textAlignHorizontal": "LEFT",
      "textAlignVertical": "TOP",
      "fontSize": 18,
      "fontFamily": "Plus Jakarta Sans",
      "lineHeight": {
        "value": 28,
        "unit": "PIXELS"
      },
      "fills": [
        {
          "type": "SOLID",
          "color": "#000000",
          "opacity": 1
        }
      ],
      "constraints": {
        "horizontal": "MIN",
        "vertical": "CENTER"
      }
    },
    {
      "id": "15:275",
      "name": "Sample Text",
      "type": "TEXT",
      "x": 633.33,
      "y": 382,
      "width": 254.67,
      "height": 35,
      "z": 47,
      "visible": true,
      "exportX": 635.04,
      "exportY": 389.8,
      "exportWidth": 187.5,
      "exportHeight": 21.53,
      "text": "Consideration",
      "textAlignHorizontal": "LEFT",
      "textAlignVertical": "CENTER",
      "fontSize": 28,
      "fontFamily": "Plus Jakarta Sans",
      "lineHeight": {
        "value": 0,
        "unit": "AUTO"
      },
      "fills": [
        {
          "type": "SOLID",
          "color": "#000000",
          "opacity": 1
        }
      ],
      "constraints": {
        "horizontal": "SCALE",
        "vertical": "SCALE"
      }
    },
    {
      "id": "15:276",
      "name": "Sample Text",
      "type": "TEXT",
      "x": 607.67,
      "y": 446,
      "width": 221,
      "height": 122,
      "z": 48,
      "visible": true,
      "exportX": 607.86,
      "exportY": 453.37,
      "exportWidth": 215.12,
      "exportHeight": 101.23,
      "text": "During the Consideration stage, customers explore your products or services in-depth.",
      "textAlignHorizontal": "LEFT",
      "textAlignVertical": "TOP",
      "fontSize": 18,
      "fontFamily": "Plus Jakarta Sans",
      "lineHeight": {
        "value": 28,
        "unit": "PIXELS"
      },
      "fills": [
        {
          "type": "SOLID",
          "color": "#000000",
          "opacity": 1
        }
      ],
      "constraints": {
        "horizontal": "MIN",
        "vertical": "CENTER"
      }
    },
    {
      "id": "15:277",
      "name": "Sample Text",
      "type": "TEXT",
      "x": 1064,
      "y": 760,
      "width": 156,
      "height": 35,
      "z": 49,
      "visible": true,
      "exportX": 1085.84,
      "exportY": 768.14,
      "exportWidth": 112.94,
      "exportHeight": 21.2,
      "text": "Decision",
      "textAlignHorizontal": "CENTER",
      "textAlignVertical": "CENTER",
      "fontSize": 28,
      "fontFamily": "Plus Jakarta Sans",
      "lineHeight": {
        "value": 0,
        "unit": "AUTO"
      },
      "fills": [
        {
          "type": "SOLID",
          "color": "#000000",
          "opacity": 1
        }
      ],
      "constraints": {
        "horizontal": "SCALE",
        "vertical": "SCALE"
      }
    },
    {
      "id": "15:278",
      "name": "Sample Text",
      "type": "TEXT",
      "x": 1061,
      "y": 829,
      "width": 236,
      "height": 122,
      "z": 50,
      "visible": true,
      "exportX": 1061.99,
      "exportY": 836.37,
      "exportWidth": 230.45,
      "exportHeight": 73.23,
      "text": "In the Decision stage, customers make the crucial purchase decision. ",
      "textAlignHorizontal": "LEFT",
      "textAlignVertical": "TOP",
      "fontSize": 18,
      "fontFamily": "Plus Jakarta Sans",
      "lineHeight": {
        "value": 28,
        "unit": "PIXELS"
      },
      "fills": [
        {
          "type": "SOLID",
          "color": "#000000",
          "opacity": 1
        }
      ],
      "constraints": {
        "horizontal": "MIN",
        "vertical": "CENTER"
      }
    },
    {
      "id": "15:279",
      "name": "Sample Text",
      "type": "TEXT",
      "x": 1420.67,
      "y": 662,
      "width": 254.67,
      "height": 35,
      "z": 51,
      "visible": true,
      "exportX": 1454.89,
      "exportY": 669.8,
      "exportWidth": 187.16,
      "exportHeight": 21.53,
      "text": "Post Purchase",
      "textAlignHorizontal": "CENTER",
      "textAlignVertical": "CENTER",
      "fontSize": 28,
      "fontFamily": "Plus Jakarta Sans",
      "lineHeight": {
        "value": 0,
        "unit": "AUTO"
      },
      "fills": [
        {
          "type": "SOLID",
          "color": "#000000",
          "opacity": 1
        }
      ],
      "constraints": {
        "horizontal": "SCALE",
        "vertical": "SCALE"
      }
    },
    {
      "id": "21:16",
      "name": "Sample Text",
      "type": "TEXT",
      "x": 1923,
      "y": 221,
      "width": 254.67,
      "height": 35,
      "z": 52,
      "visible": true,
      "exportX": 1983.09,
      "exportY": 228.8,
      "exportWidth": 134.5,
      "exportHeight": 27.36,
      "text": "Advocacy",
      "textAlignHorizontal": "CENTER",
      "textAlignVertical": "CENTER",
      "fontSize": 28,
      "fontFamily": "Plus Jakarta Sans",
      "lineHeight": {
        "value": 0,
        "unit": "AUTO"
      },
      "fills": [
        {
          "type": "SOLID",
          "color": "#000000",
          "opacity": 1
        }
      ],
      "constraints": {
        "horizontal": "SCALE",
        "vertical": "SCALE"
      }
    },
    {
      "id": "15:280",
      "name": "Sample Text",
      "type": "TEXT",
      "x": 1395.67,
      "y": 731,
      "width": 221,
      "height": 122,
      "z": 53,
      "visible": true,
      "exportX": 1395.86,
      "exportY": 738.37,
      "exportWidth": 212.5,
      "exportHeight": 97.84,
      "text": "The Post-Purchase stage focuses on the customer experience after the transaction.",
      "textAlignHorizontal": "LEFT",
      "textAlignVertical": "TOP",
      "fontSize": 18,
      "fontFamily": "Plus Jakarta Sans",
      "lineHeight": {
        "value": 28,
        "unit": "PIXELS"
      },
      "fills": [
        {
          "type": "SOLID",
          "color": "#000000",
          "opacity": 1
        }
      ],
      "constraints": {
        "horizontal": "MIN",
        "vertical": "CENTER"
      }
    },
    {
      "id": "21:17",
      "name": "Sample Text",
      "type": "TEXT",
      "x": 1982.67,
      "y": 293,
      "width": 221,
      "height": 122,
      "z": 54,
      "visible": true,
      "exportX": 1983.46,
      "exportY": 300.37,
      "exportWidth": 214.78,
      "exportHeight": 97.84,
      "text": "During the Advocacy stage, loyal customers actively recommend your brand",
      "textAlignHorizontal": "LEFT",
      "textAlignVertical": "TOP",
      "fontSize": 18,
      "fontFamily": "Plus Jakarta Sans",
      "lineHeight": {
        "value": 28,
        "unit": "PIXELS"
      },
      "fills": [
        {
          "type": "SOLID",
          "color": "#000000",
          "opacity": 1
        }
      ],
      "constraints": {
        "horizontal": "MIN",
        "vertical": "CENTER"
      }
    },
    {
      "id": "15:281",
      "name": "Rectangle 54",
      "type": "RECTANGLE",
      "x": 250.67,
      "y": 499,
      "width": 6,
      "height": 172,
      "z": 55,
      "visible": true,
      "exportX": 250.67,
      "exportY": 499,
      "exportWidth": 6,
      "exportHeight": 172,
      "fills": [
        {
          "type": "SOLID",
          "color": "#eb5e28",
          "opacity": 1
        }
      ],
      "cornerRadius": 0,
      "constraints": {
        "horizontal": "MIN",
        "vertical": "MIN"
      }
    },
    {
      "id": "21:9",
      "name": "Rectangle 58",
      "type": "RECTANGLE",
      "x": 1530,
      "y": 221,
      "width": 6,
      "height": 172,
      "z": 56,
      "visible": true,
      "exportX": 1530,
      "exportY": 221,
      "exportWidth": 6,
      "exportHeight": 172,
      "fills": [
        {
          "type": "SOLID",
          "color": "#eb5e28",
          "opacity": 1
        }
      ],
      "cornerRadius": 0,
      "constraints": {
        "horizontal": "MIN",
        "vertical": "MIN"
      }
    },
    {
      "id": "15:282",
      "name": "Rectangle 55",
      "type": "RECTANGLE",
      "x": 577.67,
      "y": 387,
      "width": 6,
      "height": 172,
      "z": 57,
      "visible": true,
      "exportX": 577.67,
      "exportY": 387,
      "exportWidth": 6,
      "exportHeight": 172,
      "fills": [
        {
          "type": "SOLID",
          "color": "#403d39",
          "opacity": 1
        }
      ],
      "cornerRadius": 0,
      "constraints": {
        "horizontal": "MIN",
        "vertical": "MIN"
      }
    },
    {
      "id": "15:283",
      "name": "Rectangle 56",
      "type": "RECTANGLE",
      "x": 982,
      "y": 758,
      "width": 6,
      "height": 172,
      "z": 58,
      "visible": true,
      "exportX": 982,
      "exportY": 758,
      "exportWidth": 6,
      "exportHeight": 172,
      "fills": [
        {
          "type": "SOLID",
          "color": "#eb5e28",
          "opacity": 1
        }
      ],
      "cornerRadius": 0,
      "constraints": {
        "horizontal": "MIN",
        "vertical": "MIN"
      }
    },
    {
      "id": "15:284",
      "name": "Rectangle 57",
      "type": "RECTANGLE",
      "x": 1371.67,
      "y": 666,
      "width": 6,
      "height": 172,
      "z": 59,
      "visible": true,
      "exportX": 1371.67,
      "exportY": 666,
      "exportWidth": 6,
      "exportHeight": 172,
      "fills": [
        {
          "type": "SOLID",
          "color": "#403d39",
          "opacity": 1
        }
      ],
      "cornerRadius": 0,
      "constraints": {
        "horizontal": "MIN",
        "vertical": "MIN"
      }
    },
    {
      "id": "21:18",
      "name": "Rectangle 59",
      "type": "RECTANGLE",
      "x": 1958.67,
      "y": 228,
      "width": 6,
      "height": 172,
      "z": 60,
      "visible": true,
      "exportX": 1958.67,
      "exportY": 228,
      "exportWidth": 6,
      "exportHeight": 172,
      "fills": [
        {
          "type": "SOLID",
          "color": "#403d39",
          "opacity": 1
        }
      ],
      "cornerRadius": 0,
      "constraints": {
        "horizontal": "MIN",
        "vertical": "MIN"
      }
    },
    {
      "id": "15:286",
      "name": "Vector",
      "type": "VECTOR",
      "x": 2012,
      "y": 1213,
      "width": 65.33,
      "height": 13.82,
      "z": 61,
      "visible": true,
      "exportX": 1006,
      "exportY": 631,
      "exportWidth": 65.33,
      "exportHeight": 13.82,
      "fills": [
        {
          "type": "SOLID",
          "color": "#f9fbfe",
          "opacity": 1
        }
      ],
      "cornerRadius": 0,
      "constraints": {
        "horizontal": "SCALE",
        "vertical": "SCALE"
      }
    },
    {
      "id": "15:287",
      "name": "Vector",
      "type": "VECTOR",
      "x": 2012,
      "y": 1164,
      "width": 60.08,
      "height": 49.01,
      "z": 62,
      "visible": true,
      "exportX": 1006,
      "exportY": 582,
      "exportWidth": 60.08,
      "exportHeight": 49.01,
      "fills": [
        {
          "type": "SOLID",
          "color": "#f9fbfe",
          "opacity": 1
        }
      ],
      "cornerRadius": 0,
      "constraints": {
        "horizontal": "SCALE",
        "vertical": "SCALE"
      }
    },
    {
      "id": "21:19",
      "name": "Vector",
      "type": "VECTOR",
      "x": 1659,
      "y": 478,
      "width": 113,
      "height": 72,
      "z": 63,
      "visible": true,
      "exportX": 1658.25,
      "exportY": 477.25,
      "exportWidth": 114.5,
      "exportHeight": 73.5,
      "strokes": [
        {
          "type": "SOLID",
          "color": "#fff4f4",
          "opacity": 1
        }
      ],
      "constraints": {
        "horizontal": "CENTER",
        "vertical": "CENTER"
      }
    }
  ],
  "scale": 1,
  "format": "png"
}