{
  "component": {
    "id": "15:176",
    "name": "Task-3",
    "width": 1920,
    "height": 1080
  },
  "layers": [
    {
      "id": "15:176",
      "name": "Task-3 (Frame Base)",
      "type": "FRAME",
      "x": 0,
      "y": 0,
      "width": 1920,
      "height": 1080,
      "z": 0,
      "visible": true,
      "fills": [
        {
          "type": "SOLID",
          "color": "#ccc5b9",
          "opacity": 1
        }
      ],
      "effects": [
        {
          "type": "LAYER_BLUR",
          "visible": true
        },
        {
          "type": "TEXTURE",
          "visible": true
        },
        {
          "type": "NOISE",
          "visible": true
        }
      ],
      "cornerRadius": 0
    },
    {
      "id": "15:177",
      "name": "Group 40",
      "type": "GROUP",
      "x": 296,
      "y": 419,
      "width": 10,
      "height": 289,
      "z": 1,
      "visible": true,
      "exportX": 292,
      "exportY": 419,
      "exportWidth": 18,
      "exportHeight": 297,
      "effects": [
        {
          "type": "DROP_SHADOW",
          "visible": true
        }
      ]
    },
    {
      "id": "15:180",
      "name": "Group 41",
      "type": "GROUP",
      "x": 678,
      "y": 328,
      "width": 10,
      "height": 289,
      "z": 2,
      "visible": true,
      "exportX": 674,
      "exportY": 328,
      "exportWidth": 18,
      "exportHeight": 297,
      "effects": [
        {
          "type": "DROP_SHADOW",
          "visible": true
        }
      ]
    },
    {
      "id": "15:183",
      "name": "Group 42",
      "type": "GROUP",
      "x": 1091,
      "y": 924,
      "width": 10,
      "height": 300,
      "z": 3,
      "visible": true,
      "exportX": 1077,
      "exportY": 624,
      "exportWidth": 18,
      "exportHeight": 308,
      "rotation": 180,
      "effects": [
        {
          "type": "DROP_SHADOW",
          "visible": true
        }
      ]
    },
    {
      "id": "15:186",
      "name": "Group 43",
      "type": "GROUP",
      "x": 1478,
      "y": 860,
      "width": 10,
      "height": 300,
      "z": 4,
      "visible": true,
      "exportX": 1464,
      "exportY": 560,
      "exportWidth": 18,
      "exportHeight": 308,
      "rotation": 180,
      "effects": [
        {
          "type": "DROP_SHADOW",
          "visible": true
        }
      ]
    },
    {
      "id": "15:189",
      "name": "Sample Text",
      "type": "TEXT",
      "x": 550,
      "y": 93,
      "width": 820,
      "height": 81,
      "z": 5,
      "visible": true,
      "exportX": 550.25,
      "exportY": 111.55,
      "exportWidth": 820.26,
      "exportHeight": 70.53,
      "text": "Customer Journey Timeline",
      "textAlignHorizontal": "CENTER",
      "textAlignVertical": "TOP",
      "fontSize": 64,
      "fontFamily": "Plus Jakarta Sans",
      "lineHeight": {
        "value": 0,
        "unit": "AUTO"
      },
      "fills": [
        {
          "type": "SOLID",
          "color": "#000000",
          "opacity": 1
        }
      ],
      "effects": [
        {
          "type": "DROP_SHADOW",
          "visible": true
        }
      ],
      "constraints": {
        "horizontal": "CENTER",
        "vertical": "CENTER"
      }
    },
    {
      "id": "15:190",
      "name": "Vector",
      "type": "VECTOR",
      "x": 183,
      "y": 437.41,
      "width": 1487,
      "height": 320.03,
      "z": 6,
      "visible": true,
      "exportX": 179,
      "exportY": 437.41,
      "exportWidth": 1495,
      "exportHeight": 328.03,
      "fills": [
        {
          "type": "SOLID",
          "color": "#fffcf2",
          "opacity": 1
        }
      ],
      "strokes": [
        {
          "type": "SOLID",
          "color": "#000000",
          "opacity": 1
        }
      ],
      "effects": [
        {
          "type": "DROP_SHADOW",
          "visible": true
        }
      ],
      "cornerRadius": 0,
      "constraints": {
        "horizontal": "SCALE",
        "vertical": "SCALE"
      }
    },
    {
      "id": "15:191",
      "name": "Vector",
      "type": "VECTOR",
      "x": 258,
      "y": 672,
      "width": 183,
      "height": 183,
      "z": 7,
      "visible": true,
      "exportX": 254,
      "exportY": 672,
      "exportWidth": 191,
      "exportHeight": 191,
      "fills": [
        {
          "type": "SOLID",
          "color": "#eb5e28",
          "opacity": 1
        }
      ],
      "effects": [
        {
          "type": "DROP_SHADOW",
          "visible": true
        }
      ],
      "cornerRadius": 0,
      "constraints": {
        "horizontal": "SCALE",
        "vertical": "SCALE"
      }
    },
    {
      "id": "15:192",
      "name": "Vector",
      "type": "VECTOR",
      "x": 642,
      "y": 561,
      "width": 183,
      "height": 183,
      "z": 8,
      "visible": true,
      "exportX": 638,
      "exportY": 561,
      "exportWidth": 191,
      "exportHeight": 191,
      "fills": [
        {
          "type": "SOLID",
          "color": "#403d39",
          "opacity": 1
        }
      ],
      "effects": [
        {
          "type": "DROP_SHADOW",
          "visible": true
        }
      ],
      "cornerRadius": 0,
      "constraints": {
        "horizontal": "SCALE",
        "vertical": "SCALE"
      }
    },
    {
      "id": "15:193",
      "name": "Vector",
      "type": "VECTOR",
      "x": 1026,
      "y": 457,
      "width": 183,
      "height": 183,
      "z": 9,
      "visible": true,
      "exportX": 1022,
      "exportY": 457,
      "exportWidth": 191,
      "exportHeight": 191,
      "fills": [
        {
          "type": "SOLID",
          "color": "#eb5e28",
          "opacity": 1
        }
      ],
      "effects": [
        {
          "type": "DROP_SHADOW",
          "visible": true
        }
      ],
      "cornerRadius": 0,
      "constraints": {
        "horizontal": "SCALE",
        "vertical": "SCALE"
      }
    },
    {
      "id": "15:194",
      "name": "Vector",
      "type": "VECTOR",
      "x": 1422,
      "y": 430,
      "width": 183,
      "height": 183,
      "z": 10,
      "visible": true,
      "exportX": 1418,
      "exportY": 430,
      "exportWidth": 191,
      "exportHeight": 191,
      "fills": [
        {
          "type": "SOLID",
          "color": "#403d39",
          "opacity": 1
        }
      ],
      "effects": [
        {
          "type": "DROP_SHADOW",
          "visible": true
        }
      ],
      "cornerRadius": 0,
      "constraints": {
        "horizontal": "SCALE",
        "vertical": "SCALE"
      }
    },
    {
      "id": "15:195",
      "name": "Vector",
      "type": "VECTOR",
      "x": 1642,
      "y": 478,
      "width": 78.72,
      "height": 74.31,
      "z": 11,
      "visible": true,
      "exportX": 1638,
      "exportY": 478,
      "exportWidth": 86.72,
      "exportHeight": 82.31,
      "fills": [
        {
          "type": "SOLID",
          "color": "#fffcf2",
          "opacity": 1
        }
      ],
      "effects": [
        {
          "type": "DROP_SHADOW",
          "visible": true
        }
      ],
      "cornerRadius": 0,
      "constraints": {
        "horizontal": "SCALE",
        "vertical": "SCALE"
      }
    },
    {
      "id": "15:196",
      "name": "Group 9",
      "type": "GROUP",
      "x": 322.45,
      "y": 729.45,
      "width": 54.09,
      "height": 54.09,
      "z": 12,
      "visible": true,
      "exportX": 318.45,
      "exportY": 729.45,
      "exportWidth": 62.09,
      "exportHeight": 62.09,
      "effects": [
        {
          "type": "DROP_SHADOW",
          "visible": true
        }
      ]
    },
    {
      "id": "15:200",
      "name": "Group 27",
      "type": "GROUP",
      "x": 712.48,
      "y": 626.48,
      "width": 43.49,
      "height": 53.6,
      "z": 13,
      "visible": true,
      "exportX": 708.48,
      "exportY": 626.48,
      "exportWidth": 51.49,
      "exportHeight": 61.6,
      "effects": [
        {
          "type": "DROP_SHADOW",
          "visible": true
        }
      ]
    },
    {
      "id": "15:208",
      "name": "Group 8",
      "type": "GROUP",
      "x": 1479.34,
      "y": 498.34,
      "width": 68.91,
      "height": 47.04,
      "z": 14,
      "visible": true,
      "exportX": 1475.34,
      "exportY": 498.34,
      "exportWidth": 76.91,
      "exportHeight": 55.04,
      "effects": [
        {
          "type": "DROP_SHADOW",
          "visible": true
        }
      ]
    },
    {
      "id": "15:213",
      "name": "Sample Text",
      "type": "TEXT",
      "x": 343,
      "y": 419,
      "width": 146,
      "height": 35,
      "z": 15,
      "visible": true,
      "exportX": 339.31,
      "exportY": 427.14,
      "exportWidth": 151.99,
      "exportHeight": 29.2,
      "text": "Awareness",
      "textAlignHorizontal": "LEFT",
      "textAlignVertical": "CENTER",
      "fontSize": 28,
      "fontFamily": "Plus Jakarta Sans",
      "lineHeight": {
        "value": 0,
        "unit": "AUTO"
      },
      "fills": [
        {
          "type": "SOLID",
          "color": "#000000",
          "opacity": 1
        }
      ],
      "effects": [
        {
          "type": "DROP_SHADOW",
          "visible": true
        }
      ],
      "constraints": {
        "horizontal": "SCALE",
        "vertical": "SCALE"
      }
    },
    {
      "id": "15:214",
      "name": "Sample Text",
      "type": "TEXT",
      "x": 238,
      "y": 417,
      "width": 40,
      "height": 45,
      "z": 16,
      "visible": true,
      "exportX": 236.62,
      "exportY": 426.75,
      "exportWidth": 41.61,
      "exportHeight": 35.68,
      "text": "01",
      "textAlignHorizontal": "RIGHT",
      "textAlignVertical": "CENTER",
      "fontSize": 36,
      "fontFamily": "Plus Jakarta Sans",
      "lineHeight": {
        "value": 0,
        "unit": "AUTO"
      },
      "fills": [
        {
          "type": "SOLID",
          "color": "#000000",
          "opacity": 1
        }
      ],
      "effects": [
        {
          "type": "DROP_SHADOW",
          "visible": true
        }
      ],
      "constraints": {
        "horizontal": "SCALE",
        "vertical": "SCALE"
      }
    },
    {
      "id": "15:215",
      "name": "Sample Text",
      "type": "TEXT",
      "x": 613,
      "y": 322,
      "width": 48,
      "height": 45,
      "z": 17,
      "visible": true,
      "exportX": 611.81,
      "exportY": 331.75,
      "exportWidth": 51.19,
      "exportHeight": 35.68,
      "text": "02",
      "textAlignHorizontal": "RIGHT",
      "textAlignVertical": "CENTER",
      "fontSize": 36,
      "fontFamily": "Plus Jakarta Sans",
      "lineHeight": {
        "value": 0,
        "unit": "AUTO"
      },
      "fills": [
        {
          "type": "SOLID",
          "color": "#000000",
          "opacity": 1
        }
      ],
      "effects": [
        {
          "type": "DROP_SHADOW",
          "visible": true
        }
      ],
      "constraints": {
        "horizontal": "SCALE",
        "vertical": "SCALE"
      }
    },
    {
      "id": "15:216",
      "name": "Sample Text",
      "type": "TEXT",
      "x": 1014,
      "y": 732,
      "width": 49,
      "height": 45,
      "z": 18,
      "visible": true,
      "exportX": 1013.39,
      "exportY": 741.75,
      "exportWidth": 51.47,
      "exportHeight": 35.68,
      "text": "03",
      "textAlignHorizontal": "RIGHT",
      "textAlignVertical": "CENTER",
      "fontSize": 36,
      "fontFamily": "Plus Jakarta Sans",
      "lineHeight": {
        "value": 0,
        "unit": "AUTO"
      },
      "fills": [
        {
          "type": "SOLID",
          "color": "#000000",
          "opacity": 1
        }
      ],
      "effects": [
        {
          "type": "DROP_SHADOW",
          "visible": true
        }
      ],
      "constraints": {
        "horizontal": "SCALE",
        "vertical": "SCALE"
      }
    },
    {
      "id": "15:217",
      "name": "Sample Text",
      "type": "TEXT",
      "x": 1405,
      "y": 681,
      "width": 50,
      "height": 45,
      "z": 19,
      "visible": true,
      "exportX": 1404.4,
      "exportY": 690.75,
      "exportWidth": 53.17,
      "exportHeight": 35.68,
      "text": "04",
      "textAlignHorizontal": "RIGHT",
      "textAlignVertical": "CENTER",
      "fontSize": 36,
      "fontFamily": "Plus Jakarta Sans",
      "lineHeight": {
        "value": 0,
        "unit": "AUTO"
      },
      "fills": [
        {
          "type": "SOLID",
          "color": "#000000",
          "opacity": 1
        }
      ],
      "effects": [
        {
          "type": "DROP_SHADOW",
          "visible": true
        }
      ],
      "constraints": {
        "horizontal": "SCALE",
        "vertical": "SCALE"
      }
    },
    {
      "id": "15:218",
      "name": "Sample Text",
      "type": "TEXT",
      "x": 343,
      "y": 479,
      "width": 221,
      "height": 122,
      "z": 20,
      "visible": true,
      "exportX": 339.99,
      "exportY": 486.37,
      "exportWidth": 217.09,
      "exportHeight": 109.59,
      "text": "In the Awareness stage, potential customers are introduced to your brand and its offerings.",
      "textAlignHorizontal": "LEFT",
      "textAlignVertical": "TOP",
      "fontSize": 18,
      "fontFamily": "Plus Jakarta Sans",
      "lineHeight": {
        "value": 28,
        "unit": "PIXELS"
      },
      "fills": [
        {
          "type": "SOLID",
          "color": "#000000",
          "opacity": 1
        }
      ],
      "effects": [
        {
          "type": "DROP_SHADOW",
          "visible": true
        }
      ],
      "constraints": {
        "horizontal": "MIN",
        "vertical": "CENTER"
      }
    },
    {
      "id": "15:219",
      "name": "Sample Text",
      "type": "TEXT",
      "x": 725,
      "y": 316,
      "width": 191,
      "height": 35,
      "z": 21,
      "visible": true,
      "exportX": 722.71,
      "exportY": 323.8,
      "exportWidth": 195.5,
      "exportHeight": 29.53,
      "text": "Consideration",
      "textAlignHorizontal": "LEFT",
      "textAlignVertical": "CENTER",
      "fontSize": 28,
      "fontFamily": "Plus Jakarta Sans",
      "lineHeight": {
        "value": 0,
        "unit": "AUTO"
      },
      "fills": [
        {
          "type": "SOLID",
          "color": "#000000",
          "opacity": 1
        }
      ],
      "effects": [
        {
          "type": "DROP_SHADOW",
          "visible": true
        }
      ],
      "constraints": {
        "horizontal": "SCALE",
        "vertical": "SCALE"
      }
    },
    {
      "id": "15:220",
      "name": "Sample Text",
      "type": "TEXT",
      "x": 728,
      "y": 380,
      "width": 221,
      "height": 122,
      "z": 22,
      "visible": true,
      "exportX": 724.2,
      "exportY": 387.37,
      "exportWidth": 223.12,
      "exportHeight": 109.23,
      "text": "During the Consideration stage, customers explore your products or services in-depth.",
      "textAlignHorizontal": "LEFT",
      "textAlignVertical": "TOP",
      "fontSize": 18,
      "fontFamily": "Plus Jakarta Sans",
      "lineHeight": {
        "value": 28,
        "unit": "PIXELS"
      },
      "fills": [
        {
          "type": "SOLID",
          "color": "#000000",
          "opacity": 1
        }
      ],
      "effects": [
        {
          "type": "DROP_SHADOW",
          "visible": true
        }
      ],
      "constraints": {
        "horizontal": "MIN",
        "vertical": "CENTER"
      }
    },
    {
      "id": "15:221",
      "name": "Sample Text",
      "type": "TEXT",
      "x": 1128,
      "y": 737,
      "width": 117,
      "height": 35,
      "z": 23,
      "visible": true,
      "exportX": 1126.34,
      "exportY": 745.14,
      "exportWidth": 120.94,
      "exportHeight": 29.2,
      "text": "Decision",
      "textAlignHorizontal": "CENTER",
      "textAlignVertical": "CENTER",
      "fontSize": 28,
      "fontFamily": "Plus Jakarta Sans",
      "lineHeight": {
        "value": 0,
        "unit": "AUTO"
      },
      "fills": [
        {
          "type": "SOLID",
          "color": "#000000",
          "opacity": 1
        }
      ],
      "effects": [
        {
          "type": "DROP_SHADOW",
          "visible": true
        }
      ],
      "constraints": {
        "horizontal": "SCALE",
        "vertical": "SCALE"
      }
    },
    {
      "id": "15:222",
      "name": "Sample Text",
      "type": "TEXT",
      "x": 1128,
      "y": 806,
      "width": 236,
      "height": 122,
      "z": 24,
      "visible": true,
      "exportX": 1124.99,
      "exportY": 813.37,
      "exportWidth": 238.45,
      "exportHeight": 81.23,
      "text": "In the Decision stage, customers make the crucial purchase decision. ",
      "textAlignHorizontal": "LEFT",
      "textAlignVertical": "TOP",
      "fontSize": 18,
      "fontFamily": "Plus Jakarta Sans",
      "lineHeight": {
        "value": 28,
        "unit": "PIXELS"
      },
      "fills": [
        {
          "type": "SOLID",
          "color": "#000000",
          "opacity": 1
        }
      ],
      "effects": [
        {
          "type": "DROP_SHADOW",
          "visible": true
        }
      ],
      "constraints": {
        "horizontal": "MIN",
        "vertical": "CENTER"
      }
    },
    {
      "id": "15:223",
      "name": "Sample Text",
      "type": "TEXT",
      "x": 1515,
      "y": 686,
      "width": 191,
      "height": 35,
      "z": 25,
      "visible": true,
      "exportX": 1513.39,
      "exportY": 693.8,
      "exportWidth": 195.16,
      "exportHeight": 29.53,
      "text": "Post Purchase",
      "textAlignHorizontal": "CENTER",
      "textAlignVertical": "CENTER",
      "fontSize": 28,
      "fontFamily": "Plus Jakarta Sans",
      "lineHeight": {
        "value": 0,
        "unit": "AUTO"
      },
      "fills": [
        {
          "type": "SOLID",
          "color": "#000000",
          "opacity": 1
        }
      ],
      "effects": [
        {
          "type": "DROP_SHADOW",
          "visible": true
        }
      ],
      "constraints": {
        "horizontal": "SCALE",
        "vertical": "SCALE"
      }
    },
    {
      "id": "15:224",
      "name": "Sample Text",
      "type": "TEXT",
      "x": 1515,
      "y": 755,
      "width": 221,
      "height": 122,
      "z": 26,
      "visible": true,
      "exportX": 1511.2,
      "exportY": 762.37,
      "exportWidth": 220.5,
      "exportHeight": 105.84,
      "text": "The Post-Purchase stage focuses on the customer experience after the transaction.",
      "textAlignHorizontal": "LEFT",
      "textAlignVertical": "TOP",
      "fontSize": 18,
      "fontFamily": "Plus Jakarta Sans",
      "lineHeight": {
        "value": 28,
        "unit": "PIXELS"
      },
      "fills": [
        {
          "type": "SOLID",
          "color": "#000000",
          "opacity": 1
        }
      ],
      "effects": [
        {
          "type": "DROP_SHADOW",
          "visible": true
        }
      ],
      "constraints": {
        "horizontal": "MIN",
        "vertical": "CENTER"
      }
    },
    {
      "id": "15:225",
      "name": "Rectangle 54",
      "type": "RECTANGLE",
      "x": 316,
      "y": 422,
      "width": 6,
      "height": 172,
      "z": 27,
      "visible": true,
      "exportX": 312,
      "exportY": 422,
      "exportWidth": 14,
      "exportHeight": 180,
      "fills": [
        {
          "type": "SOLID",
          "color": "#eb5e28",
          "opacity": 1
        }
      ],
      "effects": [
        {
          "type": "DROP_SHADOW",
          "visible": true
        }
      ],
      "cornerRadius": 0,
      "constraints": {
        "horizontal": "MIN",
        "vertical": "MIN"
      }
    },
    {
      "id": "15:226",
      "name": "Rectangle 55",
      "type": "RECTANGLE",
      "x": 698,
      "y": 321,
      "width": 6,
      "height": 172,
      "z": 28,
      "visible": true,
      "exportX": 694,
      "exportY": 321,
      "exportWidth": 14,
      "exportHeight": 180,
      "fills": [
        {
          "type": "SOLID",
          "color": "#403d39",
          "opacity": 1
        }
      ],
      "effects": [
        {
          "type": "DROP_SHADOW",
          "visible": true
        }
      ],
      "cornerRadius": 0,
      "constraints": {
        "horizontal": "MIN",
        "vertical": "MIN"
      }
    },
    {
      "id": "15:227",
      "name": "Rectangle 56",
      "type": "RECTANGLE",
      "x": 1102,
      "y": 735,
      "width": 6,
      "height": 172,
      "z": 29,
      "visible": true,
      "exportX": 1098,
      "exportY": 735,
      "exportWidth": 14,
      "exportHeight": 180,
      "fills": [
        {
          "type": "SOLID",
          "color": "#eb5e28",
          "opacity": 1
        }
      ],
      "effects": [
        {
          "type": "DROP_SHADOW",
          "visible": true
        }
      ],
      "cornerRadius": 0,
      "constraints": {
        "horizontal": "MIN",
        "vertical": "MIN"
      }
    },
    {
      "id": "15:228",
      "name": "Rectangle 57",
      "type": "RECTANGLE",
      "x": 1491,
      "y": 690,
      "width": 6,
      "height": 172,
      "z": 30,
      "visible": true,
      "exportX": 1487,
      "exportY": 690,
      "exportWidth": 14,
      "exportHeight": 180,
      "fills": [
        {
          "type": "SOLID",
          "color": "#403d39",
          "opacity": 1
        }
      ],
      "effects": [
        {
          "type": "DROP_SHADOW",
          "visible": true
        }
      ],
      "cornerRadius": 0,
      "constraints": {
        "horizontal": "MIN",
        "vertical": "MIN"
      }
    },
    {
      "id": "15:229",
      "name": "Group 77",
      "type": "GROUP",
      "x": 1093,
      "y": 515,
      "width": 49,
      "height": 59.05,
      "z": 31,
      "visible": true,
      "exportX": 1089,
      "exportY": 515,
      "exportWidth": 57,
      "exportHeight": 67.05,
      "effects": [
        {
          "type": "DROP_SHADOW",
          "visible": true
        }
      ]
    }
  ],
  "scale": 1,
  "format": "png"
}