{
  "component": {
    "id": "15:6",
    "name": "Task-1",
    "width": 1920,
    "height": 1080
  },
  "layers": [
    {
      "id": "15:6",
      "name": "Task-1 (Frame Base)",
      "type": "FRAME",
      "x": 0,
      "y": 0,
      "width": 1920,
      "height": 1080,
      "z": 0,
      "visible": true,
      "fills": [
        {
          "type": "SOLID",
          "color": "#add8e6",
          "opacity": 1
        }
      ],
      "cornerRadius": 0
    },
    {
      "id": "15:8",
      "name": "Line 2 (Stroke)",
      "type": "VECTOR",
      "x": 598,
      "y": 838,
      "width": 285.28,
      "height": 2,
      "z": 1,
      "visible": true,
      "exportX": 300,
      "exportY": 419,
      "exportWidth": 2,
      "exportHeight": 285.28,
      "rotation": -90,
      "fills": [
        {
          "type": "SOLID",
          "color": "#bacae5",
          "opacity": 1
        }
      ],
      "cornerRadius": 0,
      "constraints": {
        "horizontal": "MIN",
        "vertical": "MIN"
      }
    },
    {
      "id": "15:9",
      "name": "Ellipse 18",
      "type": "VECTOR",
      "x": 592,
      "y": 1120.8,
      "width": 10,
      "height": 6.2,
      "z": 2,
      "visible": true,
      "exportX": 296,
      "exportY": 701.8,
      "exportWidth": 10,
      "exportHeight": 6.2,
      "fills": [
        {
          "type": "SOLID",
          "color": "#bacae5",
          "opacity": 1
        }
      ],
      "cornerRadius": 0,
      "constraints": {
        "horizontal": "MIN",
        "vertical": "MIN"
      }
    },
    {
      "id": "15:11",
      "name": "Line 2 (Stroke)",
      "type": "VECTOR",
      "x": 1362,
      "y": 656,
      "width": 285.28,
      "height": 2,
      "z": 3,
      "visible": true,
      "exportX": 682,
      "exportY": 328,
      "exportWidth": 2,
      "exportHeight": 285.28,
      "rotation": -90,
      "fills": [
        {
          "type": "SOLID",
          "color": "#bacae5",
          "opacity": 1
        }
      ],
      "cornerRadius": 0,
      "constraints": {
        "horizontal": "MIN",
        "vertical": "MIN"
      }
    },
    {
      "id": "15:12",
      "name": "Ellipse 18",
      "type": "VECTOR",
      "x": 1356,
      "y": 938.8,
      "width": 10,
      "height": 6.2,
      "z": 4,
      "visible": true,
      "exportX": 678,
      "exportY": 610.8,
      "exportWidth": 10,
      "exportHeight": 6.2,
      "fills": [
        {
          "type": "SOLID",
          "color": "#bacae5",
          "opacity": 1
        }
      ],
      "cornerRadius": 0,
      "constraints": {
        "horizontal": "MIN",
        "vertical": "MIN"
      }
    },
    {
      "id": "15:14",
      "name": "Line 2 (Stroke)",
      "type": "VECTOR",
      "x": 2176,
      "y": 1848,
      "width": 296.14,
      "height": 2,
      "z": 5,
      "visible": true,
      "exportX": 1085,
      "exportY": 627.86,
      "exportWidth": 2,
      "exportHeight": 296.14,
      "rotation": 90,
      "fills": [
        {
          "type": "SOLID",
          "color": "#bacae5",
          "opacity": 1
        }
      ],
      "cornerRadius": 0,
      "constraints": {
        "horizontal": "MIN",
        "vertical": "MIN"
      }
    },
    {
      "id": "15:15",
      "name": "Ellipse 18",
      "type": "VECTOR",
      "x": 2182,
      "y": 1554.44,
      "width": 10,
      "height": 6.44,
      "z": 6,
      "visible": true,
      "exportX": 1081,
      "exportY": 624,
      "exportWidth": 10,
      "exportHeight": 6.44,
      "rotation": 180,
      "fills": [
        {
          "type": "SOLID",
          "color": "#bacae5",
          "opacity": 1
        }
      ],
      "cornerRadius": 0,
      "constraints": {
        "horizontal": "MIN",
        "vertical": "MIN"
      }
    },
    {
      "id": "15:17",
      "name": "Line 2 (Stroke)",
      "type": "VECTOR",
      "x": 2950,
      "y": 1720,
      "width": 296.14,
      "height": 2,
      "z": 7,
      "visible": true,
      "exportX": 1472,
      "exportY": 563.86,
      "exportWidth": 2,
      "exportHeight": 296.14,
      "rotation": 90,
      "fills": [
        {
          "type": "SOLID",
          "color": "#bacae5",
          "opacity": 1
        }
      ],
      "cornerRadius": 0,
      "constraints": {
        "horizontal": "MIN",
        "vertical": "MIN"
      }
    },
    {
      "id": "15:18",
      "name": "Ellipse 18",
      "type": "VECTOR",
      "x": 2956,
      "y": 1426.44,
      "width": 10,
      "height": 6.44,
      "z": 8,
      "visible": true,
      "exportX": 1468,
      "exportY": 560,
      "exportWidth": 10,
      "exportHeight": 6.44,
      "rotation": 180,
      "fills": [
        {
          "type": "SOLID",
          "color": "#bacae5",
          "opacity": 1
        }
      ],
      "cornerRadius": 0,
      "constraints": {
        "horizontal": "MIN",
        "vertical": "MIN"
      }
    },
    {
      "id": "15:19",
      "name": "Sample Text",
      "type": "TEXT",
      "x": 550,
      "y": 93,
      "width": 820,
      "height": 81,
      "z": 9,
      "visible": true,
      "exportX": 554.25,
      "exportY": 111.55,
      "exportWidth": 812.26,
      "exportHeight": 62.53,
      "text": "Customer Journey Timeline",
      "textAlignHorizontal": "CENTER",
      "textAlignVertical": "TOP",
      "fontSize": 64,
      "fontFamily": "Plus Jakarta Sans",
      "lineHeight": {
        "value": 0,
        "unit": "AUTO"
      },
      "fills": [
        {
          "type": "SOLID",
          "color": "#000000",
          "opacity": 1
        }
      ],
      "constraints": {
        "horizontal": "CENTER",
        "vertical": "CENTER"
      }
    },
    {
      "id": "15:20",
      "name": "Vector",
      "type": "VECTOR",
      "x": 183,
      "y": 437.41,
      "width": 1487,
      "height": 320.03,
      "z": 10,
      "visible": true,
      "exportX": 183,
      "exportY": 437.41,
      "exportWidth": 1487,
      "exportHeight": 320.03,
      "fills": [
        {
          "type": "SOLID",
          "color": "#fffcf2",
          "opacity": 1
        }
      ],
      "cornerRadius": 0,
      "constraints": {
        "horizontal": "SCALE",
        "vertical": "SCALE"
      }
    },
    {
      "id": "15:21",
      "name": "Vector",
      "type": "VECTOR",
      "x": 258,
      "y": 672,
      "width": 183,
      "height": 183,
      "z": 11,
      "visible": true,
      "exportX": 258,
      "exportY": 672,
      "exportWidth": 183,
      "exportHeight": 183,
      "fills": [
        {
          "type": "SOLID",
          "color": "#d81212",
          "opacity": 1
        }
      ],
      "cornerRadius": 0,
      "constraints": {
        "horizontal": "SCALE",
        "vertical": "SCALE"
      }
    },
    {
      "id": "15:22",
      "name": "Vector",
      "type": "VECTOR",
      "x": 642,
      "y": 561,
      "width": 183,
      "height": 183,
      "z": 12,
      "visible": true,
      "exportX": 642,
      "exportY": 561,
      "exportWidth": 183,
      "exportHeight": 183,
      "fills": [
        {
          "type": "SOLID",
          "color": "#232221",
          "opacity": 1
        }
      ],
      "cornerRadius": 0,
      "constraints": {
        "horizontal": "SCALE",
        "vertical": "SCALE"
      }
    },
    {
      "id": "15:23",
      "name": "Vector",
      "type": "VECTOR",
      "x": 1026,
      "y": 457,
      "width": 183,
      "height": 183,
      "z": 13,
      "visible": true,
      "exportX": 1026,
      "exportY": 457,
      "exportWidth": 183,
      "exportHeight": 183,
      "fills": [
        {
          "type": "SOLID",
          "color": "#d71212",
          "opacity": 1
        }
      ],
      "cornerRadius": 0,
      "constraints": {
        "horizontal": "SCALE",
        "vertical": "SCALE"
      }
    },
    {
      "id": "15:24",
      "name": "Vector",
      "type": "VECTOR",
      "x": 1422,
      "y": 430,
      "width": 183,
      "height": 183,
      "z": 14,
      "visible": true,
      "exportX": 1422,
      "exportY": 430,
      "exportWidth": 183,
      "exportHeight": 183,
      "fills": [
        {
          "type": "SOLID",
          "color": "#232221",
          "opacity": 1
        }
      ],
      "cornerRadius": 0,
      "constraints": {
        "horizontal": "SCALE",
        "vertical": "SCALE"
      }
    },
    {
      "id": "15:25",
      "name": "Vector",
      "type": "VECTOR",
      "x": 1642,
      "y": 478,
      "width": 78.72,
      "height": 74.31,
      "z": 15,
      "visible": true,
      "exportX": 1642,
      "exportY": 478,
      "exportWidth": 78.72,
      "exportHeight": 74.31,
      "fills": [
        {
          "type": "SOLID",
          "color": "#fffcf2",
          "opacity": 1
        }
      ],
      "cornerRadius": 0,
      "constraints": {
        "horizontal": "SCALE",
        "vertical": "SCALE"
      }
    },
    {
      "id": "15:27",
      "name": "Vector (Stroke)",
      "type": "VECTOR",
      "x": 644.91,
      "y": 1472.82,
      "width": 26.27,
      "height": 21.64,
      "z": 16,
      "visible": true,
      "exportX": 322.45,
      "exportY": 743.36,
      "exportWidth": 26.27,
      "exportHeight": 21.64,
      "fills": [
        {
          "type": "SOLID",
          "color": "#ffffff",
          "opacity": 1
        }
      ],
      "cornerRadius": 0,
      "constraints": {
        "horizontal": "SCALE",
        "vertical": "SCALE"
      }
    },
    {
      "id": "15:28",
      "name": "Vector (Stroke)",
      "type": "VECTOR",
      "x": 668.09,
      "y": 1458.91,
      "width": 30.91,
      "height": 49.45,
      "z": 17,
      "visible": true,
      "exportX": 345.64,
      "exportY": 729.45,
      "exportWidth": 30.91,
      "exportHeight": 49.45,
      "fills": [
        {
          "type": "SOLID",
          "color": "#ffffff",
          "opacity": 1
        }
      ],
      "cornerRadius": 0,
      "constraints": {
        "horizontal": "SCALE",
        "vertical": "SCALE"
      }
    },
    {
      "id": "15:29",
      "name": "Vector (Stroke)",
      "type": "VECTOR",
      "x": 654.18,
      "y": 1491.36,
      "width": 12.36,
      "height": 21.64,
      "z": 18,
      "visible": true,
      "exportX": 331.73,
      "exportY": 761.91,
      "exportWidth": 12.36,
      "exportHeight": 21.64,
      "fills": [
        {
          "type": "SOLID",
          "color": "#ffffff",
          "opacity": 1
        }
      ],
      "cornerRadius": 0,
      "constraints": {
        "horizontal": "SCALE",
        "vertical": "SCALE"
      }
    },
    {
      "id": "15:31",
      "name": "Vector (Stroke)",
      "type": "VECTOR",
      "x": 1455.3,
      "y": 1293.41,
      "width": 13.15,
      "height": 13.15,
      "z": 19,
      "visible": true,
      "exportX": 742.82,
      "exportY": 666.93,
      "exportWidth": 13.15,
      "exportHeight": 13.15,
      "fills": [
        {
          "type": "SOLID",
          "color": "#ffffff",
          "opacity": 1
        }
      ],
      "cornerRadius": 0,
      "constraints": {
        "horizontal": "SCALE",
        "vertical": "SCALE"
      }
    },
    {
      "id": "15:32",
      "name": "Vector (Stroke)",
      "type": "VECTOR",
      "x": 1455.3,
      "y": 1293.41,
      "width": 13.15,
      "height": 13.15,
      "z": 20,
      "visible": true,
      "exportX": 742.82,
      "exportY": 666.93,
      "exportWidth": 13.15,
      "exportHeight": 13.15,
      "fills": [
        {
          "type": "SOLID",
          "color": "#ffffff",
          "opacity": 1
        }
      ],
      "cornerRadius": 0,
      "constraints": {
        "horizontal": "SCALE",
        "vertical": "SCALE"
      }
    },
    {
      "id": "15:33",
      "name": "Vector (Stroke)",
      "type": "VECTOR",
      "x": 1424.96,
      "y": 1252.96,
      "width": 13.15,
      "height": 13.15,
      "z": 21,
      "visible": true,
      "exportX": 712.48,
      "exportY": 626.48,
      "exportWidth": 13.15,
      "exportHeight": 13.15,
      "fills": [
        {
          "type": "SOLID",
          "color": "#ffffff",
          "opacity": 1
        }
      ],
      "cornerRadius": 0,
      "constraints": {
        "horizontal": "SCALE",
        "vertical": "SCALE"
      }
    },
    {
      "id": "15:34",
      "name": "Vector (Stroke)",
      "type": "VECTOR",
      "x": 1424.96,
      "y": 1252.96,
      "width": 13.15,
      "height": 13.15,
      "z": 22,
      "visible": true,
      "exportX": 712.48,
      "exportY": 626.48,
      "exportWidth": 13.15,
      "exportHeight": 13.15,
      "fills": [
        {
          "type": "SOLID",
          "color": "#ffffff",
          "opacity": 1
        }
      ],
      "cornerRadius": 0,
      "constraints": {
        "horizontal": "SCALE",
        "vertical": "SCALE"
      }
    },
    {
      "id": "15:35",
      "name": "Vector (Stroke)",
      "type": "VECTOR",
      "x": 1430.02,
      "y": 1256.33,
      "width": 31.69,
      "height": 40.12,
      "z": 23,
      "visible": true,
      "exportX": 717.54,
      "exportY": 629.85,
      "exportWidth": 31.69,
      "exportHeight": 40.12,
      "fills": [
        {
          "type": "SOLID",
          "color": "#ffffff",
          "opacity": 1
        }
      ],
      "cornerRadius": 0,
      "constraints": {
        "horizontal": "SCALE",
        "vertical": "SCALE"
      }
    },
    {
      "id": "15:36",
      "name": "Vector (Stroke)",
      "type": "VECTOR",
      "x": 1451.93,
      "y": 1252.96,
      "width": 16.52,
      "height": 9.78,
      "z": 24,
      "visible": true,
      "exportX": 739.45,
      "exportY": 626.48,
      "exportWidth": 16.52,
      "exportHeight": 9.78,
      "fills": [
        {
          "type": "SOLID",
          "color": "#ffffff",
          "opacity": 1
        }
      ],
      "cornerRadius": 0,
      "constraints": {
        "horizontal": "SCALE",
        "vertical": "SCALE"
      }
    },
    {
      "id": "15:37",
      "name": "Vector (Stroke)",
      "type": "VECTOR",
      "x": 1424.96,
      "y": 1293.41,
      "width": 13.15,
      "height": 13.15,
      "z": 25,
      "visible": true,
      "exportX": 712.48,
      "exportY": 666.93,
      "exportWidth": 13.15,
      "exportHeight": 13.15,
      "fills": [
        {
          "type": "SOLID",
          "color": "#ffffff",
          "opacity": 1
        }
      ],
      "cornerRadius": 0,
      "constraints": {
        "horizontal": "SCALE",
        "vertical": "SCALE"
      }
    },
    {
      "id": "15:39",
      "name": "Vector (Stroke)",
      "type": "VECTOR",
      "x": 2958.68,
      "y": 1031.66,
      "width": 68.91,
      "height": 12.06,
      "z": 26,
      "visible": true,
      "exportX": 1479.34,
      "exportY": 533.32,
      "exportWidth": 68.91,
      "exportHeight": 12.06,
      "fills": [
        {
          "type": "SOLID",
          "color": "#ffffff",
          "opacity": 1
        }
      ],
      "cornerRadius": 0,
      "constraints": {
        "horizontal": "SCALE",
        "vertical": "SCALE"
      }
    },
    {
      "id": "15:40",
      "name": "Vector (Stroke)",
      "type": "VECTOR",
      "x": 2963.06,
      "y": 996.68,
      "width": 60.16,
      "height": 38.3,
      "z": 27,
      "visible": true,
      "exportX": 1483.71,
      "exportY": 498.34,
      "exportWidth": 60.16,
      "exportHeight": 38.3,
      "fills": [
        {
          "type": "SOLID",
          "color": "#ffffff",
          "opacity": 1
        }
      ],
      "cornerRadius": 0,
      "constraints": {
        "horizontal": "SCALE",
        "vertical": "SCALE"
      }
    },
    {
      "id": "15:41",
      "name": "Vector (Stroke)",
      "type": "VECTOR",
      "x": 2976.17,
      "y": 1005.43,
      "width": 33.93,
      "height": 20.81,
      "z": 28,
      "visible": true,
      "exportX": 1496.83,
      "exportY": 507.09,
      "exportWidth": 33.93,
      "exportHeight": 20.81,
      "fills": [
        {
          "type": "SOLID",
          "color": "#ffffff",
          "opacity": 1
        }
      ],
      "cornerRadius": 0,
      "constraints": {
        "horizontal": "SCALE",
        "vertical": "SCALE"
      }
    },
    {
      "id": "15:42",
      "name": "Vector (Stroke)",
      "type": "VECTOR",
      "x": 3000.22,
      "y": 1005.43,
      "width": 9.88,
      "height": 9.88,
      "z": 29,
      "visible": true,
      "exportX": 1520.88,
      "exportY": 507.09,
      "exportWidth": 9.88,
      "exportHeight": 9.88,
      "fills": [
        {
          "type": "SOLID",
          "color": "#ffffff",
          "opacity": 1
        }
      ],
      "cornerRadius": 0,
      "constraints": {
        "horizontal": "SCALE",
        "vertical": "SCALE"
      }
    },
    {
      "id": "15:43",
      "name": "Sample Text",
      "type": "TEXT",
      "x": 343,
      "y": 419,
      "width": 146,
      "height": 35,
      "z": 30,
      "visible": true,
      "exportX": 343.31,
      "exportY": 427.14,
      "exportWidth": 143.99,
      "exportHeight": 21.2,
      "text": "Awareness",
      "textAlignHorizontal": "LEFT",
      "textAlignVertical": "CENTER",
      "fontSize": 28,
      "fontFamily": "Plus Jakarta Sans",
      "lineHeight": {
        "value": 0,
        "unit": "AUTO"
      },
      "fills": [
        {
          "type": "SOLID",
          "color": "#000000",
          "opacity": 1
        }
      ],
      "constraints": {
        "horizontal": "SCALE",
        "vertical": "SCALE"
      }
    },
    {
      "id": "15:44",
      "name": "Sample Text",
      "type": "TEXT",
      "x": 238,
      "y": 417,
      "width": 40,
      "height": 45,
      "z": 31,
      "visible": true,
      "exportX": 240.62,
      "exportY": 426.75,
      "exportWidth": 33.61,
      "exportHeight": 27.68,
      "text": "01",
      "textAlignHorizontal": "RIGHT",
      "textAlignVertical": "CENTER",
      "fontSize": 36,
      "fontFamily": "Plus Jakarta Sans",
      "lineHeight": {
        "value": 0,
        "unit": "AUTO"
      },
      "fills": [
        {
          "type": "SOLID",
          "color": "#000000",
          "opacity": 1
        }
      ],
      "constraints": {
        "horizontal": "SCALE",
        "vertical": "SCALE"
      }
    },
    {
      "id": "15:45",
      "name": "Sample Text",
      "type": "TEXT",
      "x": 613,
      "y": 322,
      "width": 48,
      "height": 45,
      "z": 32,
      "visible": true,
      "exportX": 615.81,
      "exportY": 331.75,
      "exportWidth": 43.19,
      "exportHeight": 27.68,
      "text": "02",
      "textAlignHorizontal": "RIGHT",
      "textAlignVertical": "CENTER",
      "fontSize": 36,
      "fontFamily": "Plus Jakarta Sans",
      "lineHeight": {
        "value": 0,
        "unit": "AUTO"
      },
      "fills": [
        {
          "type": "SOLID",
          "color": "#000000",
          "opacity": 1
        }
      ],
      "constraints": {
        "horizontal": "SCALE",
        "vertical": "SCALE"
      }
    },
    {
      "id": "15:46",
      "name": "Sample Text",
      "type": "TEXT",
      "x": 1014,
      "y": 732,
      "width": 49,
      "height": 45,
      "z": 33,
      "visible": true,
      "exportX": 1017.39,
      "exportY": 741.75,
      "exportWidth": 43.47,
      "exportHeight": 27.68,
      "text": "03",
      "textAlignHorizontal": "RIGHT",
      "textAlignVertical": "CENTER",
      "fontSize": 36,
      "fontFamily": "Plus Jakarta Sans",
      "lineHeight": {
        "value": 0,
        "unit": "AUTO"
      },
      "fills": [
        {
          "type": "SOLID",
          "color": "#000000",
          "opacity": 1
        }
      ],
      "constraints": {
        "horizontal": "SCALE",
        "vertical": "SCALE"
      }
    },
    {
      "id": "15:47",
      "name": "Sample Text",
      "type": "TEXT",
      "x": 1405,
      "y": 681,
      "width": 50,
      "height": 45,
      "z": 34,
      "visible": true,
      "exportX": 1408.4,
      "exportY": 690.75,
      "exportWidth": 45.17,
      "exportHeight": 27.68,
      "text": "04",
      "textAlignHorizontal": "RIGHT",
      "textAlignVertical": "CENTER",
      "fontSize": 36,
      "fontFamily": "Plus Jakarta Sans",
      "lineHeight": {
        "value": 0,
        "unit": "AUTO"
      },
      "fills": [
        {
          "type": "SOLID",
          "color": "#000000",
          "opacity": 1
        }
      ],
      "constraints": {
        "horizontal": "SCALE",
        "vertical": "SCALE"
      }
    },
    {
      "id": "15:48",
      "name": "Sample Text",
      "type": "TEXT",
      "x": 343,
      "y": 479,
      "width": 221,
      "height": 122,
      "z": 35,
      "visible": true,
      "exportX": 343.99,
      "exportY": 486.37,
      "exportWidth": 209.09,
      "exportHeight": 101.59,
      "text": "In the Awareness stage, potential customers are introduced to your brand and its offerings.",
      "textAlignHorizontal": "LEFT",
      "textAlignVertical": "TOP",
      "fontSize": 18,
      "fontFamily": "Plus Jakarta Sans",
      "lineHeight": {
        "value": 28,
        "unit": "PIXELS"
      },
      "fills": [
        {
          "type": "SOLID",
          "color": "#000000",
          "opacity": 1
        }
      ],
      "constraints": {
        "horizontal": "MIN",
        "vertical": "CENTER"
      }
    },
    {
      "id": "15:49",
      "name": "Sample Text",
      "type": "TEXT",
      "x": 725,
      "y": 316,
      "width": 191,
      "height": 35,
      "z": 36,
      "visible": true,
      "exportX": 726.71,
      "exportY": 323.8,
      "exportWidth": 187.5,
      "exportHeight": 21.53,
      "text": "Consideration",
      "textAlignHorizontal": "LEFT",
      "textAlignVertical": "CENTER",
      "fontSize": 28,
      "fontFamily": "Plus Jakarta Sans",
      "lineHeight": {
        "value": 0,
        "unit": "AUTO"
      },
      "fills": [
        {
          "type": "SOLID",
          "color": "#000000",
          "opacity": 1
        }
      ],
      "constraints": {
        "horizontal": "SCALE",
        "vertical": "SCALE"
      }
    },
    {
      "id": "15:50",
      "name": "Sample Text",
      "type": "TEXT",
      "x": 728,
      "y": 380,
      "width": 221,
      "height": 122,
      "z": 37,
      "visible": true,
      "exportX": 728.2,
      "exportY": 387.37,
      "exportWidth": 215.12,
      "exportHeight": 101.23,
      "text": "During the Consideration stage, customers explore your products or services in-depth.",
      "textAlignHorizontal": "LEFT",
      "textAlignVertical": "TOP",
      "fontSize": 18,
      "fontFamily": "Plus Jakarta Sans",
      "lineHeight": {
        "value": 28,
        "unit": "PIXELS"
      },
      "fills": [
        {
          "type": "SOLID",
          "color": "#000000",
          "opacity": 1
        }
      ],
      "constraints": {
        "horizontal": "MIN",
        "vertical": "CENTER"
      }
    },
    {
      "id": "15:51",
      "name": "Sample Text",
      "type": "TEXT",
      "x": 1128,
      "y": 737,
      "width": 117,
      "height": 35,
      "z": 38,
      "visible": true,
      "exportX": 1130.34,
      "exportY": 745.14,
      "exportWidth": 112.94,
      "exportHeight": 21.2,
      "text": "Decision",
      "textAlignHorizontal": "CENTER",
      "textAlignVertical": "CENTER",
      "fontSize": 28,
      "fontFamily": "Plus Jakarta Sans",
      "lineHeight": {
        "value": 0,
        "unit": "AUTO"
      },
      "fills": [
        {
          "type": "SOLID",
          "color": "#000000",
          "opacity": 1
        }
      ],
      "constraints": {
        "horizontal": "SCALE",
        "vertical": "SCALE"
      }
    },
    {
      "id": "15:52",
      "name": "Sample Text",
      "type": "TEXT",
      "x": 1128,
      "y": 806,
      "width": 236,
      "height": 122,
      "z": 39,
      "visible": true,
      "exportX": 1128.99,
      "exportY": 813.37,
      "exportWidth": 230.45,
      "exportHeight": 73.23,
      "text": "In the Decision stage, customers make the crucial purchase decision. ",
      "textAlignHorizontal": "LEFT",
      "textAlignVertical": "TOP",
      "fontSize": 18,
      "fontFamily": "Plus Jakarta Sans",
      "lineHeight": {
        "value": 28,
        "unit": "PIXELS"
      },
      "fills": [
        {
          "type": "SOLID",
          "color": "#000000",
          "opacity": 1
        }
      ],
      "constraints": {
        "horizontal": "MIN",
        "vertical": "CENTER"
      }
    },
    {
      "id": "15:53",
      "name": "Sample Text",
      "type": "TEXT",
      "x": 1515,
      "y": 686,
      "width": 191,
      "height": 35,
      "z": 40,
      "visible": true,
      "exportX": 1517.39,
      "exportY": 693.8,
      "exportWidth": 187.16,
      "exportHeight": 21.53,
      "text": "Post Purchase",
      "textAlignHorizontal": "CENTER",
      "textAlignVertical": "CENTER",
      "fontSize": 28,
      "fontFamily": "Plus Jakarta Sans",
      "lineHeight": {
        "value": 0,
        "unit": "AUTO"
      },
      "fills": [
        {
          "type": "SOLID",
          "color": "#000000",
          "opacity": 1
        }
      ],
      "constraints": {
        "horizontal": "SCALE",
        "vertical": "SCALE"
      }
    },
    {
      "id": "15:54",
      "name": "Sample Text",
      "type": "TEXT",
      "x": 1515,
      "y": 755,
      "width": 221,
      "height": 122,
      "z": 41,
      "visible": true,
      "exportX": 1515.2,
      "exportY": 762.37,
      "exportWidth": 212.5,
      "exportHeight": 97.84,
      "text": "The Post-Purchase stage focuses on the customer experience after the transaction.",
      "textAlignHorizontal": "LEFT",
      "textAlignVertical": "TOP",
      "fontSize": 18,
      "fontFamily": "Plus Jakarta Sans",
      "lineHeight": {
        "value": 28,
        "unit": "PIXELS"
      },
      "fills": [
        {
          "type": "SOLID",
          "color": "#000000",
          "opacity": 1
        }
      ],
      "constraints": {
        "horizontal": "MIN",
        "vertical": "CENTER"
      }
    },
    {
      "id": "15:55",
      "name": "Rectangle 54",
      "type": "RECTANGLE",
      "x": 316,
      "y": 422,
      "width": 6,
      "height": 172,
      "z": 42,
      "visible": true,
      "exportX": 316,
      "exportY": 422,
      "exportWidth": 6,
      "exportHeight": 172,
      "fills": [
        {
          "type": "SOLID",
          "color": "#eb5e28",
          "opacity": 1
        }
      ],
      "cornerRadius": 0,
      "constraints": {
        "horizontal": "MIN",
        "vertical": "MIN"
      }
    },
    {
      "id": "15:56",
      "name": "Rectangle 55",
      "type": "RECTANGLE",
      "x": 698,
      "y": 321,
      "width": 6,
      "height": 172,
      "z": 43,
      "visible": true,
      "exportX": 698,
      "exportY": 321,
      "exportWidth": 6,
      "exportHeight": 172,
      "fills": [
        {
          "type": "SOLID",
          "color": "#403d39",
          "opacity": 1
        }
      ],
      "cornerRadius": 0,
      "constraints": {
        "horizontal": "MIN",
        "vertical": "MIN"
      }
    },
    {
      "id": "15:57",
      "name": "Rectangle 56",
      "type": "RECTANGLE",
      "x": 1102,
      "y": 735,
      "width": 6,
      "height": 172,
      "z": 44,
      "visible": true,
      "exportX": 1102,
      "exportY": 735,
      "exportWidth": 6,
      "exportHeight": 172,
      "fills": [
        {
          "type": "SOLID",
          "color": "#eb5e28",
          "opacity": 1
        }
      ],
      "cornerRadius": 0,
      "constraints": {
        "horizontal": "MIN",
        "vertical": "MIN"
      }
    },
    {
      "id": "15:58",
      "name": "Rectangle 57",
      "type": "RECTANGLE",
      "x": 1491,
      "y": 690,
      "width": 6,
      "height": 172,
      "z": 45,
      "visible": true,
      "exportX": 1491,
      "exportY": 690,
      "exportWidth": 6,
      "exportHeight": 172,
      "fills": [
        {
          "type": "SOLID",
          "color": "#403d39",
          "opacity": 1
        }
      ],
      "cornerRadius": 0,
      "constraints": {
        "horizontal": "MIN",
        "vertical": "MIN"
      }
    },
    {
      "id": "15:60",
      "name": "Vector",
      "type": "VECTOR",
      "x": 2186,
      "y": 1075.23,
      "width": 49,
      "height": 13.82,
      "z": 46,
      "visible": true,
      "exportX": 1093,
      "exportY": 560.23,
      "exportWidth": 49,
      "exportHeight": 13.82,
      "fills": [
        {
          "type": "SOLID",
          "color": "#f9fbfe",
          "opacity": 1
        }
      ],
      "cornerRadius": 0,
      "constraints": {
        "horizontal": "SCALE",
        "vertical": "SCALE"
      }
    },
    {
      "id": "15:61",
      "name": "Vector",
      "type": "VECTOR",
      "x": 2188.51,
      "y": 1030,
      "width": 45.06,
      "height": 49.01,
      "z": 47,
      "visible": true,
      "exportX": 1095.51,
      "exportY": 515,
      "exportWidth": 45.06,
      "exportHeight": 49.01,
      "fills": [
        {
          "type": "SOLID",
          "color": "#f9fbfe",
          "opacity": 1
        }
      ],
      "cornerRadius": 0,
      "constraints": {
        "horizontal": "SCALE",
        "vertical": "SCALE"
      }
    }
  ],
  "scale": 1,
  "format": "png"
}