{
  "component": {
    "id": "1:2",
    "name": "Original",
    "width": 414,
    "height": 896
  },
  "layers": [
    {
      "id": "1:2",
      "name": "Original (Frame Base)",
      "type": "FRAME",
      "x": 0,
      "y": 0,
      "width": 414,
      "height": 896,
      "z": 0,
      "visible": true,
      "fills": [
        {
          "type": "SOLID",
          "color": "#fafafa",
          "opacity": 1
        }
      ],
      "cornerRadius": 0
    },
    {
      "id": "1:5",
      "name": "Mask",
      "type": "RECTANGLE",
      "x": 0,
      "y": 0,
      "width": 414,
      "height": 383,
      "z": 1,
      "visible": true,
      "exportX": 0,
      "exportY": 0,
      "exportWidth": 414,
      "exportHeight": 383,
      "fills": [
        {
          "type": "SOLID",
          "color": "#e7edf1",
          "opacity": 1
        }
      ],
      "cornerRadius": 0,
      "constraints": {
        "horizontal": "MIN",
        "vertical": "MIN"
      }
    },
    {
      "id": "1:6",
      "name": "Mask",
      "type": "RECTANGLE",
      "x": 0,
      "y": 0,
      "width": 414,
      "height": 383,
      "z": 2,
      "visible": true,
      "fills": [
        {
          "type": "SOLID",
          "color": "#e7edf1",
          "opacity": 1
        }
      ],
      "cornerRadius": 0,
      "constraints": {
        "horizontal": "MIN",
        "vertical": "MIN"
      }
    },
    {
      "id": "1:7",
      "name": "Rectangle",
      "type": "VECTOR",
      "x": 0,
      "y": 260,
      "width": 414,
      "height": 123,
      "z": 3,
      "visible": true,
      "exportX": 0,
      "exportY": 260,
      "exportWidth": 414,
      "exportHeight": 123,
      "fills": [
        {
          "type": "GRADIENT_LINEAR"
        }
      ],
      "cornerRadius": 0,
      "constraints": {
        "horizontal": "MIN",
        "vertical": "MIN"
      }
    },
    {
      "id": "1:9",
      "name": "DNA & Gene Research",
      "type": "TEXT",
      "x": 14,
      "y": 290,
      "width": 290,
      "height": 19,
      "z": 4,
      "visible": true,
      "exportX": 15.41,
      "exportY": 293.19,
      "exportWidth": 287.54,
      "exportHeight": 14.8,
      "text": "DNA & Gene Research Laboratory",
      "textAlignHorizontal": "LEFT",
      "textAlignVertical": "TOP",
      "fontSize": 16,
      "fontFamily": "SF Pro Text",
      "lineHeight": {
        "value": 0,
        "unit": "AUTO"
      },
      "fills": [
        {
          "type": "SOLID",
          "color": "#ffffff",
          "opacity": 1
        }
      ],
      "constraints": {
        "horizontal": "CENTER",
        "vertical": "CENTER"
      }
    },
    {
      "id": "1:12",
      "name": "Mask",
      "type": "RECTANGLE",
      "x": 14,
      "y": 317,
      "width": 30,
      "height": 30,
      "z": 5,
      "visible": true,
      "exportX": 14,
      "exportY": 317,
      "exportWidth": 30,
      "exportHeight": 30,
      "fills": [
        {
          "type": "SOLID",
          "color": "#e2e6f3",
          "opacity": 1
        }
      ],
      "cornerRadius": 21,
      "constraints": {
        "horizontal": "SCALE",
        "vertical": "SCALE"
      }
    },
    {
      "id": "1:13",
      "name": "Mask",
      "type": "RECTANGLE",
      "x": 14,
      "y": 317,
      "width": 30,
      "height": 30,
      "z": 6,
      "visible": true,
      "fills": [
        {
          "type": "SOLID",
          "color": "#e2e6f3",
          "opacity": 1
        }
      ],
      "cornerRadius": 21,
      "constraints": {
        "horizontal": "SCALE",
        "vertical": "SCALE"
      }
    },
    {
      "id": "1:14",
      "name": "Abraham Pigeon",
      "type": "TEXT",
      "x": 52,
      "y": 325,
      "width": 107,
      "height": 14,
      "z": 7,
      "visible": true,
      "exportX": 52.4,
      "exportY": 327.06,
      "exportWidth": 104.71,
      "exportHeight": 11.17,
      "text": "Abraham Pigeon",
      "textAlignHorizontal": "LEFT",
      "textAlignVertical": "TOP",
      "fontSize": 12,
      "fontFamily": "SF Pro Text",
      "lineHeight": {
        "value": 0,
        "unit": "AUTO"
      },
      "fills": [
        {
          "type": "SOLID",
          "color": "#ffffff",
          "opacity": 1
        }
      ],
      "constraints": {
        "horizontal": "CENTER",
        "vertical": "CENTER"
      }
    },
    {
      "id": "1:16",
      "name": "Path",
      "type": "VECTOR",
      "x": 322,
      "y": 335,
      "width": 12,
      "height": 12,
      "z": 8,
      "visible": true,
      "exportX": 168,
      "exportY": 326,
      "exportWidth": 12,
      "exportHeight": 12,
      "fills": [
        {
          "type": "SOLID",
          "color": "#ffffff",
          "opacity": 1
        }
      ],
      "cornerRadius": 0,
      "constraints": {
        "horizontal": "SCALE",
        "vertical": "SCALE"
      }
    },
    {
      "id": "1:17",
      "name": "Path",
      "type": "VECTOR",
      "x": 325.1,
      "y": 338.6,
      "width": 6.29,
      "height": 4.73,
      "z": 9,
      "visible": true,
      "exportX": 170.82,
      "exportY": 329.31,
      "exportWidth": 6.86,
      "exportHeight": 5.3,
      "fills": [
        {
          "type": "SOLID",
          "color": "#23b2c0",
          "opacity": 1
        }
      ],
      "strokes": [
        {
          "type": "SOLID",
          "color": "#23b2c0",
          "opacity": 1
        }
      ],
      "cornerRadius": 0,
      "constraints": {
        "horizontal": "SCALE",
        "vertical": "SCALE"
      }
    },
    {
      "id": "1:20",
      "name": "Path",
      "type": "VECTOR",
      "x": 14,
      "y": 355,
      "width": 11,
      "height": 14,
      "z": 10,
      "visible": true,
      "exportX": 14,
      "exportY": 355,
      "exportWidth": 11.8,
      "exportHeight": 14,
      "strokes": [
        {
          "type": "SOLID",
          "color": "#ffffff",
          "opacity": 1
        }
      ],
      "cornerRadius": 0,
      "constraints": {
        "horizontal": "SCALE",
        "vertical": "SCALE"
      }
    },
    {
      "id": "1:21",
      "name": "Oval",
      "type": "ELLIPSE",
      "x": 17.67,
      "y": 358.82,
      "width": 3.67,
      "height": 3.82,
      "z": 11,
      "visible": true,
      "exportX": 16.87,
      "exportY": 358.02,
      "exportWidth": 5.27,
      "exportHeight": 5.42,
      "strokes": [
        {
          "type": "SOLID",
          "color": "#ffffff",
          "opacity": 1
        }
      ],
      "cornerRadius": 0,
      "constraints": {
        "horizontal": "SCALE",
        "vertical": "SCALE"
      }
    },
    {
      "id": "1:22",
      "name": "New York, USA",
      "type": "TEXT",
      "x": 33,
      "y": 355,
      "width": 97,
      "height": 14,
      "z": 12,
      "visible": true,
      "exportX": 34.08,
      "exportY": 357.18,
      "exportWidth": 95.51,
      "exportHeight": 10.97,
      "text": "New York, USA",
      "textAlignHorizontal": "LEFT",
      "textAlignVertical": "TOP",
      "fontSize": 12,
      "fontFamily": "SF Pro Text",
      "lineHeight": {
        "value": 0,
        "unit": "AUTO"
      },
      "fills": [
        {
          "type": "SOLID",
          "color": "#ffffff",
          "opacity": 1
        }
      ],
      "constraints": {
        "horizontal": "CENTER",
        "vertical": "CENTER"
      }
    },
    {
      "id": "1:24",
      "name": "Rectangle",
      "type": "RECTANGLE",
      "x": 28,
      "y": 794,
      "width": 386,
      "height": 142,
      "z": 13,
      "visible": true,
      "exportX": 0,
      "exportY": 351,
      "exportWidth": 414,
      "exportHeight": 238,
      "fills": [
        {
          "type": "SOLID",
          "color": "#ffffff",
          "opacity": 1
        }
      ],
      "effects": [
        {
          "type": "DROP_SHADOW",
          "visible": true
        }
      ],
      "cornerRadius": 12,
      "constraints": {
        "horizontal": "MIN",
        "vertical": "MIN"
      }
    },
    {
      "id": "1:26",
      "name": "Budget",
      "type": "TEXT",
      "x": 42,
      "y": 808,
      "width": 47,
      "height": 14,
      "z": 14,
      "visible": true,
      "exportX": 29.06,
      "exportY": 413.14,
      "exportWidth": 45.17,
      "exportHeight": 11.1,
      "text": "Budget",
      "textAlignHorizontal": "LEFT",
      "textAlignVertical": "TOP",
      "fontSize": 12,
      "fontFamily": "SF Pro Text",
      "lineHeight": {
        "value": 0,
        "unit": "AUTO"
      },
      "fills": [
        {
          "type": "SOLID",
          "color": "#9d9ea3",
          "opacity": 1
        }
      ],
      "constraints": {
        "horizontal": "CENTER",
        "vertical": "CENTER"
      }
    },
    {
      "id": "1:27",
      "name": "$120,000",
      "type": "TEXT",
      "x": 42,
      "y": 831,
      "width": 90,
      "height": 21,
      "z": 15,
      "visible": true,
      "exportX": 29.27,
      "exportY": 437.04,
      "exportWidth": 86.88,
      "exportHeight": 17.25,
      "text": "$120,000",
      "textAlignHorizontal": "LEFT",
      "textAlignVertical": "TOP",
      "fontSize": 18,
      "fontFamily": "SF Pro Text",
      "lineHeight": {
        "value": 0,
        "unit": "AUTO"
      },
      "fills": [
        {
          "type": "SOLID",
          "color": "#1965a7",
          "opacity": 1
        }
      ],
      "constraints": {
        "horizontal": "CENTER",
        "vertical": "CENTER"
      }
    },
    {
      "id": "1:29",
      "name": "Target",
      "type": "TEXT",
      "x": 358,
      "y": 808,
      "width": 42,
      "height": 14,
      "z": 16,
      "visible": true,
      "exportX": 344.57,
      "exportY": 413.54,
      "exportWidth": 40.86,
      "exportHeight": 10.7,
      "text": "Target",
      "textAlignHorizontal": "RIGHT",
      "textAlignVertical": "TOP",
      "fontSize": 12,
      "fontFamily": "SF Pro Text",
      "lineHeight": {
        "value": 0,
        "unit": "AUTO"
      },
      "fills": [
        {
          "type": "SOLID",
          "color": "#9d9ea3",
          "opacity": 1
        }
      ],
      "constraints": {
        "horizontal": "CENTER",
        "vertical": "CENTER"
      }
    },
    {
      "id": "1:30",
      "name": "$180,000",
      "type": "TEXT",
      "x": 309,
      "y": 831,
      "width": 91,
      "height": 21,
      "z": 17,
      "visible": true,
      "exportX": 297.26,
      "exportY": 437.04,
      "exportWidth": 87.58,
      "exportHeight": 17.25,
      "text": "$180,000",
      "textAlignHorizontal": "RIGHT",
      "textAlignVertical": "TOP",
      "fontSize": 18,
      "fontFamily": "SF Pro Text",
      "lineHeight": {
        "value": 0,
        "unit": "AUTO"
      },
      "fills": [
        {
          "type": "SOLID",
          "color": "#1965a7",
          "opacity": 1
        }
      ],
      "constraints": {
        "horizontal": "CENTER",
        "vertical": "CENTER"
      }
    },
    {
      "id": "1:32",
      "name": "Rectangle",
      "type": "RECTANGLE",
      "x": 70,
      "y": 1323,
      "width": 358,
      "height": 6,
      "z": 18,
      "visible": true,
      "exportX": 28,
      "exportY": 463,
      "exportWidth": 358,
      "exportHeight": 6,
      "fills": [
        {
          "type": "SOLID",
          "color": "#f3f3f3",
          "opacity": 1
        }
      ],
      "cornerRadius": 3,
      "constraints": {
        "horizontal": "MIN",
        "vertical": "MIN"
      }
    },
    {
      "id": "1:33",
      "name": "Rectangle",
      "type": "RECTANGLE",
      "x": 70,
      "y": 1323,
      "width": 246,
      "height": 6,
      "z": 19,
      "visible": true,
      "exportX": 28,
      "exportY": 463,
      "exportWidth": 246,
      "exportHeight": 6,
      "fills": [
        {
          "type": "SOLID",
          "color": "#23b2c0",
          "opacity": 1
        }
      ],
      "cornerRadius": 3,
      "constraints": {
        "horizontal": "MIN",
        "vertical": "MIN"
      }
    },
    {
      "id": "1:35",
      "name": "Rectangle",
      "type": "RECTANGLE",
      "x": 42,
      "y": 880,
      "width": 172,
      "height": 42,
      "z": 20,
      "visible": true,
      "exportX": 28,
      "exportY": 483,
      "exportWidth": 172,
      "exportHeight": 42,
      "fills": [
        {
          "type": "SOLID",
          "color": "#f9f9f9",
          "opacity": 1
        }
      ],
      "cornerRadius": 12,
      "constraints": {
        "horizontal": "SCALE",
        "vertical": "SCALE"
      }
    },
    {
      "id": "1:37",
      "name": "Oval",
      "type": "ELLIPSE",
      "x": 110,
      "y": 908,
      "width": 14,
      "height": 14,
      "z": 21,
      "visible": true,
      "exportX": 61.2,
      "exportY": 496.2,
      "exportWidth": 15.6,
      "exportHeight": 15.6,
      "strokes": [
        {
          "type": "SOLID",
          "color": "#e0e1e6",
          "opacity": 1
        }
      ],
      "cornerRadius": 0,
      "constraints": {
        "horizontal": "SCALE",
        "vertical": "SCALE"
      }
    },
    {
      "id": "1:38",
      "name": "Path",
      "type": "VECTOR",
      "x": 117,
      "y": 910.8,
      "width": 2.8,
      "height": 5.6,
      "z": 22,
      "visible": true,
      "exportX": 68.2,
      "exportY": 499,
      "exportWidth": 4.4,
      "exportHeight": 7.2,
      "strokes": [
        {
          "type": "SOLID",
          "color": "#e0e1e6",
          "opacity": 1
        }
      ],
      "cornerRadius": 0,
      "constraints": {
        "horizontal": "SCALE",
        "vertical": "SCALE"
      }
    },
    {
      "id": "1:39",
      "name": "16 days left",
      "type": "TEXT",
      "x": 96,
      "y": 894,
      "width": 76,
      "height": 14,
      "z": 23,
      "visible": true,
      "exportX": 82.77,
      "exportY": 499.12,
      "exportWidth": 74.59,
      "exportHeight": 11.1,
      "text": "16 days left",
      "textAlignHorizontal": "LEFT",
      "textAlignVertical": "TOP",
      "fontSize": 12,
      "fontFamily": "SF Pro Text",
      "lineHeight": {
        "value": 0,
        "unit": "AUTO"
      },
      "fills": [
        {
          "type": "SOLID",
          "color": "#313337",
          "opacity": 1
        }
      ],
      "constraints": {
        "horizontal": "CENTER",
        "vertical": "CENTER"
      }
    },
    {
      "id": "1:41",
      "name": "Rectangle",
      "type": "RECTANGLE",
      "x": 228,
      "y": 880,
      "width": 172,
      "height": 42,
      "z": 24,
      "visible": true,
      "exportX": 214,
      "exportY": 483,
      "exportWidth": 172,
      "exportHeight": 42,
      "fills": [
        {
          "type": "SOLID",
          "color": "#f9f9f9",
          "opacity": 1
        }
      ],
      "cornerRadius": 12,
      "constraints": {
        "horizontal": "SCALE",
        "vertical": "SCALE"
      }
    },
    {
      "id": "1:43",
      "name": "Path",
      "type": "VECTOR",
      "x": 296,
      "y": 917.33,
      "width": 13.09,
      "height": 4.67,
      "z": 25,
      "visible": true,
      "exportX": 247.2,
      "exportY": 505.53,
      "exportWidth": 14.69,
      "exportHeight": 6.27,
      "strokes": [
        {
          "type": "SOLID",
          "color": "#e0e1e6",
          "opacity": 1
        }
      ],
      "cornerRadius": 0,
      "constraints": {
        "horizontal": "SCALE",
        "vertical": "SCALE"
      }
    },
    {
      "id": "1:44",
      "name": "Oval",
      "type": "ELLIPSE",
      "x": 299.27,
      "y": 908,
      "width": 6.55,
      "height": 6.22,
      "z": 26,
      "visible": true,
      "exportX": 250.47,
      "exportY": 496.2,
      "exportWidth": 8.15,
      "exportHeight": 7.82,
      "strokes": [
        {
          "type": "SOLID",
          "color": "#e0e1e6",
          "opacity": 1
        }
      ],
      "cornerRadius": 0,
      "constraints": {
        "horizontal": "SCALE",
        "vertical": "SCALE"
      }
    },
    {
      "id": "1:45",
      "name": "Path",
      "type": "VECTOR",
      "x": 311.55,
      "y": 917.43,
      "width": 2.45,
      "height": 4.57,
      "z": 27,
      "visible": true,
      "exportX": 262.75,
      "exportY": 505.63,
      "exportWidth": 4.05,
      "exportHeight": 6.17,
      "strokes": [
        {
          "type": "SOLID",
          "color": "#e0e1e6",
          "opacity": 1
        }
      ],
      "cornerRadius": 0,
      "constraints": {
        "horizontal": "SCALE",
        "vertical": "SCALE"
      }
    },
    {
      "id": "1:46",
      "name": "Path",
      "type": "VECTOR",
      "x": 308.27,
      "y": 908.1,
      "width": 2.46,
      "height": 6.03,
      "z": 28,
      "visible": true,
      "exportX": 259.47,
      "exportY": 496.3,
      "exportWidth": 4.06,
      "exportHeight": 7.63,
      "strokes": [
        {
          "type": "SOLID",
          "color": "#e0e1e6",
          "opacity": 1
        }
      ],
      "cornerRadius": 0,
      "constraints": {
        "horizontal": "SCALE",
        "vertical": "SCALE"
      }
    },
    {
      "id": "1:47",
      "name": "5.347 backers",
      "type": "TEXT",
      "x": 286,
      "y": 894,
      "width": 93,
      "height": 14,
      "z": 29,
      "visible": true,
      "exportX": 272.89,
      "exportY": 499.18,
      "exportWidth": 90.67,
      "exportHeight": 9.02,
      "text": "5.347 backers",
      "textAlignHorizontal": "LEFT",
      "textAlignVertical": "TOP",
      "fontSize": 12,
      "fontFamily": "SF Pro Text",
      "lineHeight": {
        "value": 0,
        "unit": "AUTO"
      },
      "fills": [
        {
          "type": "SOLID",
          "color": "#313337",
          "opacity": 1
        }
      ],
      "constraints": {
        "horizontal": "CENTER",
        "vertical": "CENTER"
      }
    },
    {
      "id": "1:50",
      "name": "Path",
      "type": "VECTOR",
      "x": 42,
      "y": 152.36,
      "width": 18,
      "height": 1.29,
      "z": 30,
      "visible": true,
      "exportX": 13.1,
      "exportY": 56.1,
      "exportWidth": 19.8,
      "exportHeight": 1.8,
      "strokes": [
        {
          "type": "SOLID",
          "color": "#313337",
          "opacity": 1
        }
      ],
      "cornerRadius": 0,
      "constraints": {
        "horizontal": "MIN",
        "vertical": "MIN"
      }
    },
    {
      "id": "1:51",
      "name": "Path",
      "type": "VECTOR",
      "x": 42,
      "y": 144,
      "width": 9,
      "height": 18,
      "z": 31,
      "visible": true,
      "exportX": 13.1,
      "exportY": 47.1,
      "exportWidth": 10.8,
      "exportHeight": 19.8,
      "strokes": [
        {
          "type": "SOLID",
          "color": "#313337",
          "opacity": 1
        }
      ],
      "cornerRadius": 0,
      "constraints": {
        "horizontal": "MIN",
        "vertical": "MIN"
      }
    },
    {
      "id": "1:53",
      "name": "Oval",
      "type": "ELLIPSE",
      "x": 810,
      "y": 152,
      "width": 2,
      "height": 2,
      "z": 32,
      "visible": true,
      "exportX": 397,
      "exportY": 55,
      "exportWidth": 4,
      "exportHeight": 4,
      "strokes": [
        {
          "type": "SOLID",
          "color": "#313337",
          "opacity": 1
        }
      ],
      "cornerRadius": 0,
      "constraints": {
        "horizontal": "MIN",
        "vertical": "MIN"
      }
    },
    {
      "id": "1:54",
      "name": "Oval",
      "type": "ELLIPSE",
      "x": 810,
      "y": 144,
      "width": 2,
      "height": 2,
      "z": 33,
      "visible": true,
      "exportX": 397,
      "exportY": 47,
      "exportWidth": 4,
      "exportHeight": 4,
      "strokes": [
        {
          "type": "SOLID",
          "color": "#313337",
          "opacity": 1
        }
      ],
      "cornerRadius": 0,
      "constraints": {
        "horizontal": "MIN",
        "vertical": "MIN"
      }
    },
    {
      "id": "1:55",
      "name": "Oval",
      "type": "ELLIPSE",
      "x": 810,
      "y": 160,
      "width": 2,
      "height": 2,
      "z": 34,
      "visible": true,
      "exportX": 397,
      "exportY": 63,
      "exportWidth": 4,
      "exportHeight": 4,
      "strokes": [
        {
          "type": "SOLID",
          "color": "#313337",
          "opacity": 1
        }
      ],
      "cornerRadius": 0,
      "constraints": {
        "horizontal": "MIN",
        "vertical": "MIN"
      }
    },
    {
      "id": "1:57",
      "name": "Project Info",
      "type": "TEXT",
      "x": 14,
      "y": 569,
      "width": 100,
      "height": 19,
      "z": 35,
      "visible": true,
      "exportX": 15.41,
      "exportY": 571.88,
      "exportWidth": 97.73,
      "exportHeight": 15.02,
      "text": "Project Info",
      "textAlignHorizontal": "LEFT",
      "textAlignVertical": "TOP",
      "fontSize": 16,
      "fontFamily": "SF Pro Text",
      "lineHeight": {
        "value": 0,
        "unit": "AUTO"
      },
      "fills": [
        {
          "type": "SOLID",
          "color": "#313337",
          "opacity": 1
        }
      ],
      "constraints": {
        "horizontal": "CENTER",
        "vertical": "CENTER"
      }
    },
    {
      "id": "1:59",
      "name": "Rectangle",
      "type": "RECTANGLE",
      "x": 14,
      "y": 608,
      "width": 386,
      "height": 181,
      "z": 36,
      "visible": true,
      "exportX": 14,
      "exportY": 608,
      "exportWidth": 386,
      "exportHeight": 181,
      "fills": [
        {
          "type": "SOLID",
          "color": "#ffffff",
          "opacity": 1
        }
      ],
      "effects": [
        {
          "type": "DROP_SHADOW",
          "visible": true
        }
      ],
      "cornerRadius": 12,
      "constraints": {
        "horizontal": "SCALE",
        "vertical": "SCALE"
      }
    },
    {
      "id": "1:61",
      "name": "Mask",
      "type": "RECTANGLE",
      "x": 42,
      "y": 636,
      "width": 79,
      "height": 79,
      "z": 37,
      "visible": true,
      "exportX": 28,
      "exportY": 622,
      "exportWidth": 79,
      "exportHeight": 79,
      "fills": [
        {
          "type": "SOLID",
          "color": "#e7edf1",
          "opacity": 1
        }
      ],
      "cornerRadius": 12,
      "constraints": {
        "horizontal": "SCALE",
        "vertical": "SCALE"
      }
    },
    {
      "id": "1:62",
      "name": "Mask",
      "type": "RECTANGLE",
      "x": 42,
      "y": 636,
      "width": 79,
      "height": 79,
      "z": 38,
      "visible": true,
      "fills": [
        {
          "type": "SOLID",
          "color": "#e7edf1",
          "opacity": 1
        }
      ],
      "cornerRadius": 12,
      "constraints": {
        "horizontal": "SCALE",
        "vertical": "SCALE"
      }
    },
    {
      "id": "1:64",
      "name": "Mask",
      "type": "RECTANGLE",
      "x": 228,
      "y": 636,
      "width": 79,
      "height": 79,
      "z": 39,
      "visible": true,
      "exportX": 121,
      "exportY": 622,
      "exportWidth": 79,
      "exportHeight": 79,
      "fills": [
        {
          "type": "SOLID",
          "color": "#e7edf1",
          "opacity": 1
        }
      ],
      "cornerRadius": 12,
      "constraints": {
        "horizontal": "SCALE",
        "vertical": "SCALE"
      }
    },
    {
      "id": "1:65",
      "name": "Mask",
      "type": "RECTANGLE",
      "x": 228,
      "y": 636,
      "width": 79,
      "height": 79,
      "z": 40,
      "visible": true,
      "fills": [
        {
          "type": "SOLID",
          "color": "#e7edf1",
          "opacity": 1
        }
      ],
      "cornerRadius": 12,
      "constraints": {
        "horizontal": "SCALE",
        "vertical": "SCALE"
      }
    },
    {
      "id": "1:67",
      "name": "Mask",
      "type": "RECTANGLE",
      "x": 414,
      "y": 636,
      "width": 79,
      "height": 79,
      "z": 41,
      "visible": true,
      "exportX": 214,
      "exportY": 622,
      "exportWidth": 79,
      "exportHeight": 79,
      "fills": [
        {
          "type": "SOLID",
          "color": "#e7edf1",
          "opacity": 1
        }
      ],
      "cornerRadius": 12,
      "constraints": {
        "horizontal": "SCALE",
        "vertical": "SCALE"
      }
    },
    {
      "id": "1:68",
      "name": "Mask",
      "type": "RECTANGLE",
      "x": 414,
      "y": 636,
      "width": 79,
      "height": 79,
      "z": 42,
      "visible": true,
      "fills": [
        {
          "type": "SOLID",
          "color": "#e7edf1",
          "opacity": 1
        }
      ],
      "cornerRadius": 12,
      "constraints": {
        "horizontal": "SCALE",
        "vertical": "SCALE"
      }
    },
    {
      "id": "1:70",
      "name": "Mask",
      "type": "RECTANGLE",
      "x": 600,
      "y": 636,
      "width": 79,
      "height": 79,
      "z": 43,
      "visible": true,
      "exportX": 307,
      "exportY": 622,
      "exportWidth": 79,
      "exportHeight": 79,
      "fills": [
        {
          "type": "SOLID",
          "color": "#e7edf1",
          "opacity": 1
        }
      ],
      "cornerRadius": 12,
      "constraints": {
        "horizontal": "SCALE",
        "vertical": "SCALE"
      }
    },
    {
      "id": "1:71",
      "name": "Mask",
      "type": "RECTANGLE",
      "x": 600,
      "y": 636,
      "width": 79,
      "height": 79,
      "z": 44,
      "visible": true,
      "fills": [
        {
          "type": "SOLID",
          "color": "#e7edf1",
          "opacity": 1
        }
      ],
      "cornerRadius": 12,
      "constraints": {
        "horizontal": "SCALE",
        "vertical": "SCALE"
      }
    },
    {
      "id": "1:72",
      "name": "Vivamus eu magna vel",
      "type": "TEXT",
      "x": 28,
      "y": 715,
      "width": 358,
      "height": 60,
      "z": 45,
      "visible": true,
      "exportX": 28.4,
      "exportY": 720.06,
      "exportWidth": 354.86,
      "exportHeight": 51.09,
      "text": "Vivamus eu magna velit. Vivamus efficitur nunc a nibh rutrum, ac sodales odio sodales. Sed nulla gene urna, scelerisque sit amet nunc at, auctor rutrum elit.",
      "textAlignHorizontal": "LEFT",
      "textAlignVertical": "TOP",
      "fontSize": 12,
      "fontFamily": "SF Pro Text",
      "lineHeight": {
        "value": 20,
        "unit": "PIXELS"
      },
      "fills": [
        {
          "type": "SOLID",
          "color": "#9d9ea3",
          "opacity": 1
        }
      ],
      "constraints": {
        "horizontal": "SCALE",
        "vertical": "CENTER"
      }
    },
    {
      "id": "1:74",
      "name": "Rectangle",
      "type": "RECTANGLE",
      "x": 14,
      "y": 819,
      "width": 386,
      "height": 48,
      "z": 46,
      "visible": true,
      "exportX": 14,
      "exportY": 819,
      "exportWidth": 386,
      "exportHeight": 48,
      "fills": [
        {
          "type": "SOLID",
          "color": "#1965a7",
          "opacity": 1
        }
      ],
      "cornerRadius": 24,
      "constraints": {
        "horizontal": "SCALE",
        "vertical": "SCALE"
      }
    },
    {
      "id": "1:75",
      "name": "Back this Project",
      "type": "TEXT",
      "x": 136,
      "y": 836,
      "width": 143,
      "height": 14,
      "z": 47,
      "visible": true,
      "exportX": 137.14,
      "exportY": 838.33,
      "exportWidth": 141.2,
      "exportHeight": 8.89,
      "text": "Back this Project",
      "textAlignHorizontal": "CENTER",
      "textAlignVertical": "TOP",
      "fontSize": 12,
      "fontFamily": "SF Pro Text",
      "lineHeight": {
        "value": 0,
        "unit": "AUTO"
      },
      "fills": [
        {
          "type": "SOLID",
          "color": "#ffffff",
          "opacity": 1
        }
      ],
      "constraints": {
        "horizontal": "CENTER",
        "vertical": "CENTER"
      }
    }
  ],
  "scale": 1,
  "format": "png"
}